,Tm,Game_Num,Field,Home_Away
1,LAA,1,LAA,Home
2,LAA,2,LAA,Home
3,LAA,3,LAA,Home
4,LAA,4,LAA,Home
5,LAA,5,LAA,Home
6,LAA,6,LAA,Home
7,LAA,7,TEX,@
8,LAA,8,TEX,@
9,LAA,9,TEX,@
10,LAA,10,TEX,@
11,LAA,11,HOU,@
12,LAA,12,HOU,@
13,LAA,13,HOU,@
14,LAA,14,LAA,Home
15,LAA,15,LAA,Home
16,LAA,16,LAA,Home
17,LAA,17,LAA,Home
18,LAA,18,LAA,Home
19,LAA,19,LAA,Home
20,LAA,20,LAA,Home
21,LAA,21,CHW,@
22,LAA,22,CHW,@
23,LAA,23,CHW,@
24,LAA,24,CHW,@
25,LAA,25,BOS,@
26,LAA,26,BOS,@
27,LAA,27,BOS,@
28,LAA,28,LAA,Home
29,LAA,29,LAA,Home
30,LAA,30,LAA,Home
31,LAA,31,LAA,Home
32,LAA,32,LAA,Home
33,LAA,33,LAA,Home
34,LAA,34,OAK,@
35,LAA,35,OAK,@
36,LAA,36,OAK,@
37,LAA,37,OAK,@
38,LAA,38,TEX,@
39,LAA,39,TEX,@
40,LAA,40,TEX,@
41,LAA,41,LAA,Home
42,LAA,42,LAA,Home
43,LAA,43,LAA,Home
44,LAA,44,LAA,Home
45,LAA,45,LAA,Home
46,LAA,46,LAA,Home
47,LAA,47,LAA,Home
48,LAA,48,LAA,Home
49,LAA,49,LAA,Home
50,LAA,50,NYY,@
51,LAA,51,NYY,@
52,LAA,52,NYY,@
53,LAA,53,PHI,@
54,LAA,54,PHI,@
55,LAA,55,PHI,@
56,LAA,56,LAA,Home
57,LAA,57,LAA,Home
58,LAA,58,LAA,Home
59,LAA,59,LAA,Home
60,LAA,60,LAA,Home
61,LAA,61,LAA,Home
62,LAA,62,LAA,Home
63,LAA,63,LAD,@
64,LAA,64,LAD,@
65,LAA,65,SEA,@
66,LAA,66,SEA,@
67,LAA,67,SEA,@
68,LAA,68,SEA,@
69,LAA,69,SEA,@
70,LAA,70,LAA,Home
71,LAA,71,LAA,Home
72,LAA,72,LAA,Home
73,LAA,73,LAA,Home
74,LAA,74,LAA,Home
75,LAA,75,LAA,Home
76,LAA,76,LAA,Home
77,LAA,77,LAA,Home
78,LAA,78,LAA,Home
79,LAA,79,HOU,@
80,LAA,80,HOU,@
81,LAA,81,HOU,@
82,LAA,82,MIA,@
83,LAA,83,MIA,@
84,LAA,84,BAL,@
85,LAA,85,BAL,@
86,LAA,86,BAL,@
87,LAA,87,BAL,@
88,LAA,88,LAA,Home
89,LAA,89,LAA,Home
90,LAA,90,LAA,Home
91,LAA,91,LAA,Home
92,LAA,92,LAA,Home
93,LAA,93,ATL,@
94,LAA,94,ATL,@
95,LAA,95,ATL,@
96,LAA,96,KCR,@
97,LAA,97,KCR,@
98,LAA,98,KCR,@
99,LAA,99,LAA,Home
100,LAA,100,LAA,Home
101,LAA,101,LAA,Home
102,LAA,102,LAA,Home
103,LAA,103,LAA,Home
104,LAA,104,LAA,Home
105,LAA,105,LAA,Home
106,LAA,106,SEA,@
107,LAA,107,SEA,@
108,LAA,108,SEA,@
109,LAA,109,SEA,@
110,LAA,110,OAK,@
111,LAA,111,OAK,@
112,LAA,112,OAK,@
113,LAA,113,LAA,Home
114,LAA,114,LAA,Home
115,LAA,115,LAA,Home
116,LAA,116,LAA,Home
117,LAA,117,LAA,Home
118,LAA,118,LAA,Home
119,LAA,119,DET,@
120,LAA,120,DET,@
121,LAA,121,DET,@
122,LAA,122,TBR,@
123,LAA,123,TBR,@
124,LAA,124,TBR,@
125,LAA,125,TBR,@
126,LAA,126,TOR,@
127,LAA,127,TOR,@
128,LAA,128,TOR,@
129,LAA,129,LAA,Home
130,LAA,130,LAA,Home
131,LAA,131,LAA,Home
132,LAA,132,LAA,Home
133,LAA,133,LAA,Home
134,LAA,134,LAA,Home
135,LAA,135,LAA,Home
136,LAA,136,LAA,Home
137,LAA,137,LAA,Home
138,LAA,138,HOU,@
139,LAA,139,HOU,@
140,LAA,140,HOU,@
141,LAA,141,CLE,@
142,LAA,142,CLE,@
143,LAA,143,CLE,@
144,LAA,144,LAA,Home
145,LAA,145,LAA,Home
146,LAA,146,LAA,Home
147,LAA,147,LAA,Home
148,LAA,148,TEX,@
149,LAA,149,TEX,@
150,LAA,150,TEX,@
151,LAA,151,MIN,@
152,LAA,152,MIN,@
153,LAA,153,MIN,@
154,LAA,154,LAA,Home
155,LAA,155,LAA,Home
156,LAA,156,LAA,Home
157,LAA,157,LAA,Home
158,LAA,158,LAA,Home
159,LAA,159,LAA,Home
160,LAA,160,OAK,@
161,LAA,161,OAK,@
162,LAA,162,OAK,@
1,ARI,1,ARI,Home
2,ARI,2,ARI,Home
3,ARI,3,ARI,Home
4,ARI,4,ARI,Home
5,ARI,5,ARI,Home
6,ARI,6,ARI,Home
7,ARI,7,NYM,@
8,ARI,8,NYM,@
9,ARI,9,NYM,@
10,ARI,10,WSN,@
11,ARI,11,WSN,@
12,ARI,12,WSN,@
13,ARI,13,WSN,@
14,ARI,14,ARI,Home
15,ARI,15,ARI,Home
16,ARI,16,ARI,Home
17,ARI,17,ARI,Home
18,ARI,18,ARI,Home
19,ARI,19,ARI,Home
20,ARI,20,STL,@
21,ARI,21,STL,@
22,ARI,22,STL,@
23,ARI,23,STL,@
24,ARI,24,MIA,@
25,ARI,25,MIA,@
26,ARI,26,MIA,@
27,ARI,27,ARI,Home
28,ARI,28,ARI,Home
29,ARI,29,ARI,Home
30,ARI,30,ARI,Home
31,ARI,31,ARI,Home
32,ARI,32,ARI,Home
33,ARI,33,ARI,Home
34,ARI,34,ARI,Home
35,ARI,35,ARI,Home
36,ARI,36,LAD,@
37,ARI,37,LAD,@
38,ARI,38,LAD,@
39,ARI,39,LAD,@
40,ARI,40,CHC,@
41,ARI,41,CHC,@
42,ARI,42,CHC,@
43,ARI,43,CHC,@
44,ARI,44,ARI,Home
45,ARI,45,ARI,Home
46,ARI,46,ARI,Home
47,ARI,47,ARI,Home
48,ARI,48,ARI,Home
49,ARI,49,ARI,Home
50,ARI,50,ARI,Home
51,ARI,51,ARI,Home
52,ARI,52,ARI,Home
53,ARI,53,PIT,@
54,ARI,54,PIT,@
55,ARI,55,PIT,@
56,ARI,56,CIN,@
57,ARI,57,CIN,@
58,ARI,58,CIN,@
59,ARI,59,CIN,@
60,ARI,60,PHI,@
61,ARI,61,PHI,@
62,ARI,62,PHI,@
63,ARI,63,ARI,Home
64,ARI,64,ARI,Home
65,ARI,65,ARI,Home
66,ARI,66,ARI,Home
67,ARI,67,ARI,Home
68,ARI,68,ARI,Home
69,ARI,69,SDP,@
70,ARI,70,SDP,@
71,ARI,71,SDP,@
72,ARI,72,ARI,Home
73,ARI,73,ARI,Home
74,ARI,74,ARI,Home
75,ARI,75,ARI,Home
76,ARI,76,ARI,Home
77,ARI,77,COL,@
78,ARI,78,COL,@
79,ARI,79,COL,@
80,ARI,80,ARI,Home
81,ARI,81,ARI,Home
82,ARI,82,ARI,Home
83,ARI,83,ARI,Home
84,ARI,84,ARI,Home
85,ARI,85,ARI,Home
86,ARI,86,ARI,Home
87,ARI,87,SFG,@
88,ARI,88,SFG,@
89,ARI,89,SFG,@
90,ARI,90,SDP,@
91,ARI,91,SDP,@
92,ARI,92,SDP,@
93,ARI,93,ARI,Home
94,ARI,94,ARI,Home
95,ARI,95,ARI,Home
96,ARI,96,ARI,Home
97,ARI,97,ARI,Home
98,ARI,98,ARI,Home
99,ARI,99,ATL,@
100,ARI,100,ATL,@
101,ARI,101,ATL,@
102,ARI,102,CLE,@
103,ARI,103,CLE,@
104,ARI,104,CLE,@
105,ARI,105,ARI,Home
106,ARI,106,ARI,Home
107,ARI,107,ARI,Home
108,ARI,108,ARI,Home
109,ARI,109,ARI,Home
110,ARI,110,ARI,Home
111,ARI,111,ARI,Home
112,ARI,112,COL,@
113,ARI,113,COL,@
114,ARI,114,COL,@
115,ARI,115,SFG,@
116,ARI,116,SFG,@
117,ARI,117,SFG,@
118,ARI,118,SFG,@
119,ARI,119,ARI,Home
120,ARI,120,ARI,Home
121,ARI,121,ARI,Home
122,ARI,122,KCR,@
123,ARI,123,KCR,@
124,ARI,124,CHW,@
125,ARI,125,CHW,@
126,ARI,126,CHW,@
127,ARI,127,ARI,Home
128,ARI,128,ARI,Home
129,ARI,129,ARI,Home
130,ARI,130,ARI,Home
131,ARI,131,ARI,Home
132,ARI,132,ARI,Home
133,ARI,133,ARI,Home
134,ARI,134,SDP,@
135,ARI,135,SDP,@
136,ARI,136,SDP,@
137,ARI,137,COL,@
138,ARI,138,COL,@
139,ARI,139,COL,@
140,ARI,140,ARI,Home
141,ARI,141,ARI,Home
142,ARI,142,ARI,Home
143,ARI,143,ARI,Home
144,ARI,144,ARI,Home
145,ARI,145,ARI,Home
146,ARI,146,ARI,Home
147,ARI,147,LAD,@
148,ARI,148,LAD,@
149,ARI,149,LAD,@
150,ARI,150,LAD,@
151,ARI,151,LAD,@
152,ARI,152,ARI,Home
153,ARI,153,ARI,Home
154,ARI,154,ARI,Home
155,ARI,155,HOU,@
156,ARI,156,HOU,@
157,ARI,157,SFG,@
158,ARI,158,SFG,@
159,ARI,159,SFG,@
160,ARI,160,MIL,@
161,ARI,161,MIL,@
162,ARI,162,MIL,@
1,ATL,1,ATL,Home
2,ATL,2,ATL,Home
3,ATL,3,ATL,Home
4,ATL,4,ATL,Home
5,ATL,5,ATL,Home
6,ATL,6,ATL,Home
7,ATL,7,ATL,Home
8,ATL,8,SDP,@
9,ATL,9,SDP,@
10,ATL,10,SDP,@
11,ATL,11,SDP,@
12,ATL,12,LAD,@
13,ATL,13,LAD,@
14,ATL,14,LAD,@
15,ATL,15,ATL,Home
16,ATL,16,ATL,Home
17,ATL,17,ATL,Home
18,ATL,18,ATL,Home
19,ATL,19,ATL,Home
20,ATL,20,ATL,Home
21,ATL,21,TEX,@
22,ATL,22,TEX,@
23,ATL,23,TEX,@
24,ATL,24,NYM,@
25,ATL,25,NYM,@
26,ATL,26,NYM,@
27,ATL,27,NYM,@
28,ATL,28,ATL,Home
29,ATL,29,ATL,Home
30,ATL,30,ATL,Home
31,ATL,31,ATL,Home
32,ATL,32,ATL,Home
33,ATL,33,ATL,Home
34,ATL,34,ATL,Home
35,ATL,35,ATL,Home
36,ATL,36,MIL,@
37,ATL,37,MIL,@
38,ATL,38,MIL,@
39,ATL,39,MIA,@
40,ATL,40,MIA,@
41,ATL,41,MIA,@
42,ATL,42,ATL,Home
43,ATL,43,ATL,Home
44,ATL,44,ATL,Home
45,ATL,45,ATL,Home
46,ATL,46,ATL,Home
47,ATL,47,ATL,Home
48,ATL,48,ATL,Home
49,ATL,49,ARI,@
50,ATL,50,ARI,@
51,ATL,51,ARI,@
52,ATL,52,COL,@
53,ATL,53,COL,@
54,ATL,54,COL,@
55,ATL,55,COL,@
56,ATL,56,ATL,Home
57,ATL,57,ATL,Home
58,ATL,58,ATL,Home
59,ATL,59,ATL,Home
60,ATL,60,ATL,Home
61,ATL,61,ATL,Home
62,ATL,62,WSN,@
63,ATL,63,WSN,@
64,ATL,64,WSN,@
65,ATL,65,CHC,@
66,ATL,66,CHC,@
67,ATL,67,CHC,@
68,ATL,68,ATL,Home
69,ATL,69,ATL,Home
70,ATL,70,ATL,Home
71,ATL,71,ATL,Home
72,ATL,72,ATL,Home
73,ATL,73,ATL,Home
74,ATL,74,ATL,Home
75,ATL,75,PHI,@
76,ATL,76,PHI,@
77,ATL,77,PHI,@
78,ATL,78,CIN,@
79,ATL,79,CIN,@
80,ATL,80,CIN,@
81,ATL,81,ATL,Home
82,ATL,82,ATL,Home
83,ATL,83,ATL,Home
84,ATL,84,ATL,Home
85,ATL,85,ATL,Home
86,ATL,86,ATL,Home
87,ATL,87,ATL,Home
88,ATL,88,ATL,Home
89,ATL,89,ATL,Home
90,ATL,90,ATL,Home
91,ATL,91,WSN,@
92,ATL,92,WSN,@
93,ATL,93,WSN,@
94,ATL,94,WSN,@
95,ATL,95,ATL,Home
96,ATL,96,ATL,Home
97,ATL,97,ATL,Home
98,ATL,98,PHI,@
99,ATL,99,PHI,@
100,ATL,100,PHI,@
101,ATL,101,ATL,Home
102,ATL,102,ATL,Home
103,ATL,103,ATL,Home
104,ATL,104,ATL,Home
105,ATL,105,ATL,Home
106,ATL,106,NYM,@
107,ATL,107,NYM,@
108,ATL,108,NYM,@
109,ATL,109,NYM,@
110,ATL,110,NYM,@
111,ATL,111,BOS,@
112,ATL,112,BOS,@
113,ATL,113,MIA,@
114,ATL,114,MIA,@
115,ATL,115,MIA,@
116,ATL,116,MIA,@
117,ATL,117,ATL,Home
118,ATL,118,ATL,Home
119,ATL,119,ATL,Home
120,ATL,120,ATL,Home
121,ATL,121,ATL,Home
122,ATL,122,ATL,Home
123,ATL,123,ATL,Home
124,ATL,124,PIT,@
125,ATL,125,PIT,@
126,ATL,126,PIT,@
127,ATL,127,STL,@
128,ATL,128,STL,@
129,ATL,129,STL,@
130,ATL,130,ATL,Home
131,ATL,131,ATL,Home
132,ATL,132,ATL,Home
133,ATL,133,ATL,Home
134,ATL,134,ATL,Home
135,ATL,135,ATL,Home
136,ATL,136,OAK,@
137,ATL,137,OAK,@
138,ATL,138,SEA,@
139,ATL,139,SEA,@
140,ATL,140,SEA,@
141,ATL,141,SFG,@
142,ATL,142,SFG,@
143,ATL,143,SFG,@
144,ATL,144,ATL,Home
145,ATL,145,ATL,Home
146,ATL,146,ATL,Home
147,ATL,147,ATL,Home
148,ATL,148,ATL,Home
149,ATL,149,ATL,Home
150,ATL,150,PHI,@
151,ATL,151,PHI,@
152,ATL,152,PHI,@
153,ATL,153,PHI,@
154,ATL,154,WSN,@
155,ATL,155,WSN,@
156,ATL,156,WSN,@
157,ATL,157,ATL,Home
158,ATL,158,ATL,Home
159,ATL,159,ATL,Home
160,ATL,160,MIA,@
161,ATL,161,MIA,@
162,ATL,162,MIA,@
1,BAL,1,TBR,@
2,BAL,2,TBR,@
3,BAL,3,TBR,@
4,BAL,4,BAL,Home
5,BAL,5,BAL,Home
6,BAL,6,BAL,Home
7,BAL,7,BAL,Home
8,BAL,8,BAL,Home
9,BAL,9,BAL,Home
10,BAL,10,OAK,@
11,BAL,11,OAK,@
12,BAL,12,OAK,@
13,BAL,13,OAK,@
14,BAL,14,LAA,@
15,BAL,15,LAA,@
16,BAL,16,LAA,@
17,BAL,17,NYY,@
18,BAL,18,NYY,@
19,BAL,19,NYY,@
20,BAL,20,BAL,Home
21,BAL,21,BAL,Home
22,BAL,22,BAL,Home
23,BAL,23,BAL,Home
24,BAL,24,BAL,Home
25,BAL,25,BAL,Home
26,BAL,26,BAL,Home
27,BAL,27,BAL,Home
28,BAL,28,BAL,Home
29,BAL,29,BAL,Home
30,BAL,30,STL,@
31,BAL,31,STL,@
32,BAL,32,STL,@
33,BAL,33,DET,@
34,BAL,34,DET,@
35,BAL,35,DET,@
36,BAL,36,BAL,Home
37,BAL,37,BAL,Home
38,BAL,38,BAL,Home
39,BAL,39,BAL,Home
40,BAL,40,BAL,Home
41,BAL,41,BAL,Home
42,BAL,42,BAL,Home
43,BAL,43,NYY,@
44,BAL,44,NYY,@
45,BAL,45,NYY,@
46,BAL,46,BOS,@
47,BAL,47,BOS,@
48,BAL,48,BOS,@
49,BAL,49,BOS,@
50,BAL,50,BOS,@
51,BAL,51,BAL,Home
52,BAL,52,BAL,Home
53,BAL,53,BAL,Home
54,BAL,54,BAL,Home
55,BAL,55,BAL,Home
56,BAL,56,BAL,Home
57,BAL,57,BAL,Home
58,BAL,58,KCR,@
59,BAL,59,KCR,@
60,BAL,60,KCR,@
61,BAL,61,KCR,@
62,BAL,62,TOR,@
63,BAL,63,TOR,@
64,BAL,64,TOR,@
65,BAL,65,TOR,@
66,BAL,66,BAL,Home
67,BAL,67,BAL,Home
68,BAL,68,BAL,Home
69,BAL,69,BAL,Home
70,BAL,70,BAL,Home
71,BAL,71,CHW,@
72,BAL,72,CHW,@
73,BAL,73,CHW,@
74,BAL,74,CHW,@
75,BAL,75,SEA,@
76,BAL,76,SEA,@
77,BAL,77,SEA,@
78,BAL,78,MIN,@
79,BAL,79,MIN,@
80,BAL,80,MIN,@
81,BAL,81,BAL,Home
82,BAL,82,BAL,Home
83,BAL,83,BAL,Home
84,BAL,84,BAL,Home
85,BAL,85,BAL,Home
86,BAL,86,BAL,Home
87,BAL,87,BAL,Home
88,BAL,88,CHC,@
89,BAL,89,CHC,@
90,BAL,90,TBR,@
91,BAL,91,TBR,@
92,BAL,92,TBR,@
93,BAL,93,BAL,Home
94,BAL,94,BAL,Home
95,BAL,95,BAL,Home
96,BAL,96,BAL,Home
97,BAL,97,BAL,Home
98,BAL,98,BAL,Home
99,BAL,99,BAL,Home
100,BAL,100,CIN,@
101,BAL,101,CIN,@
102,BAL,102,CIN,@
103,BAL,103,TEX,@
104,BAL,104,TEX,@
105,BAL,105,TEX,@
106,BAL,106,BAL,Home
107,BAL,107,BAL,Home
108,BAL,108,BAL,Home
109,BAL,109,BAL,Home
110,BAL,110,BAL,Home
111,BAL,111,BOS,@
112,BAL,112,TBR,@
113,BAL,113,TBR,@
114,BAL,114,TBR,@
115,BAL,115,TOR,@
116,BAL,116,TOR,@
117,BAL,117,TOR,@
118,BAL,118,BAL,Home
119,BAL,119,BAL,Home
120,BAL,120,BAL,Home
121,BAL,121,BAL,Home
122,BAL,122,BAL,Home
123,BAL,123,BAL,Home
124,BAL,124,BAL,Home
125,BAL,125,HOU,@
126,BAL,126,HOU,@
127,BAL,127,HOU,@
128,BAL,128,CLE,@
129,BAL,129,CLE,@
130,BAL,130,CLE,@
131,BAL,131,BAL,Home
132,BAL,132,BAL,Home
133,BAL,133,BAL,Home
134,BAL,134,BAL,Home
135,BAL,135,BAL,Home
136,BAL,136,BAL,Home
137,BAL,137,BAL,Home
138,BAL,138,BAL,Home
139,BAL,139,BAL,Home
140,BAL,140,BAL,Home
141,BAL,141,WSN,@
142,BAL,142,WSN,@
143,BAL,143,TOR,@
144,BAL,144,TOR,@
145,BAL,145,TOR,@
146,BAL,146,BAL,Home
147,BAL,147,BAL,Home
148,BAL,148,BAL,Home
149,BAL,149,BAL,Home
150,BAL,150,BAL,Home
151,BAL,151,BAL,Home
152,BAL,152,BAL,Home
153,BAL,153,BOS,@
154,BAL,154,BOS,@
155,BAL,155,BOS,@
156,BAL,156,BOS,@
157,BAL,157,NYY,@
158,BAL,158,NYY,@
159,BAL,159,NYY,@
160,BAL,160,BAL,Home
161,BAL,161,BAL,Home
162,BAL,162,BAL,Home
1,BOS,1,NYY,@
2,BOS,2,NYY,@
3,BOS,3,NYY,@
4,BOS,4,DET,@
5,BOS,5,DET,@
6,BOS,6,DET,@
7,BOS,7,BOS,Home
8,BOS,8,BOS,Home
9,BOS,9,BOS,Home
10,BOS,10,BOS,Home
11,BOS,11,BOS,Home
12,BOS,12,BOS,Home
13,BOS,13,BOS,Home
14,BOS,14,TBR,@
15,BOS,15,TBR,@
16,BOS,16,TBR,@
17,BOS,17,TOR,@
18,BOS,18,TOR,@
19,BOS,19,TOR,@
20,BOS,20,TOR,@
21,BOS,21,BAL,@
22,BOS,22,BAL,@
23,BOS,23,BAL,@
24,BOS,24,BOS,Home
25,BOS,25,BOS,Home
26,BOS,26,BOS,Home
27,BOS,27,BOS,Home
28,BOS,28,BOS,Home
29,BOS,29,BOS,Home
30,BOS,30,ATL,@
31,BOS,31,ATL,@
32,BOS,32,TEX,@
33,BOS,33,TEX,@
34,BOS,34,TEX,@
35,BOS,35,BOS,Home
36,BOS,36,BOS,Home
37,BOS,37,BOS,Home
38,BOS,38,BOS,Home
39,BOS,39,BOS,Home
40,BOS,40,BOS,Home
41,BOS,41,BOS,Home
42,BOS,42,CHW,@
43,BOS,43,CHW,@
44,BOS,44,CHW,@
45,BOS,45,BOS,Home
46,BOS,46,BOS,Home
47,BOS,47,BOS,Home
48,BOS,48,BOS,Home
49,BOS,49,BOS,Home
50,BOS,50,BOS,Home
51,BOS,51,BOS,Home
52,BOS,52,OAK,@
53,BOS,53,OAK,@
54,BOS,54,OAK,@
55,BOS,55,LAA,@
56,BOS,56,LAA,@
57,BOS,57,LAA,@
58,BOS,58,LAA,@
59,BOS,59,SEA,@
60,BOS,60,SEA,@
61,BOS,61,SEA,@
62,BOS,62,BOS,Home
63,BOS,63,BOS,Home
64,BOS,64,BOS,Home
65,BOS,65,BOS,Home
66,BOS,66,BOS,Home
67,BOS,67,BOS,Home
68,BOS,68,BOS,Home
69,BOS,69,BOS,Home
70,BOS,70,BOS,Home
71,BOS,71,CLE,@
72,BOS,72,CLE,@
73,BOS,73,CLE,@
74,BOS,74,TOR,@
75,BOS,75,TOR,@
76,BOS,76,TOR,@
77,BOS,77,CHC,@
78,BOS,78,CHC,@
79,BOS,79,CHC,@
80,BOS,80,BOS,Home
81,BOS,81,BOS,Home
82,BOS,82,BOS,Home
83,BOS,83,BOS,Home
84,BOS,84,BOS,Home
85,BOS,85,BOS,Home
86,BOS,86,BOS,Home
87,BOS,87,TBR,@
88,BOS,88,TBR,@
89,BOS,89,TBR,@
90,BOS,90,TBR,@
91,BOS,91,NYY,@
92,BOS,92,NYY,@
93,BOS,93,NYY,@
94,BOS,94,BOS,Home
95,BOS,95,BOS,Home
96,BOS,96,BOS,Home
97,BOS,97,BOS,Home
98,BOS,98,BOS,Home
99,BOS,99,BOS,Home
100,BOS,100,BOS,Home
101,BOS,101,BOS,Home
102,BOS,102,BOS,Home
103,BOS,103,BOS,Home
104,BOS,104,HOU,@
105,BOS,105,HOU,@
106,BOS,106,HOU,@
107,BOS,107,KCR,@
108,BOS,108,KCR,@
109,BOS,109,KCR,@
110,BOS,110,KCR,@
111,BOS,111,BOS,Home
112,BOS,112,BOS,Home
113,BOS,113,BOS,Home
114,BOS,114,BOS,Home
115,BOS,115,BOS,Home
116,BOS,116,BOS,Home
117,BOS,117,PIT,@
118,BOS,118,PIT,@
119,BOS,119,PIT,@
120,BOS,120,BAL,@
121,BOS,121,BAL,@
122,BOS,122,BAL,@
123,BOS,123,BOS,Home
124,BOS,124,BOS,Home
125,BOS,125,BOS,Home
126,BOS,126,BOS,Home
127,BOS,127,BOS,Home
128,BOS,128,BOS,Home
129,BOS,129,MIN,@
130,BOS,130,MIN,@
131,BOS,131,MIN,@
132,BOS,132,BOS,Home
133,BOS,133,BOS,Home
134,BOS,134,BOS,Home
135,BOS,135,BOS,Home
136,BOS,136,TBR,@
137,BOS,137,TBR,@
138,BOS,138,TBR,@
139,BOS,139,BAL,@
140,BOS,140,BAL,@
141,BOS,141,BAL,@
142,BOS,142,BOS,Home
143,BOS,143,BOS,Home
144,BOS,144,BOS,Home
145,BOS,145,BOS,Home
146,BOS,146,BOS,Home
147,BOS,147,CIN,@
148,BOS,148,CIN,@
149,BOS,149,NYY,@
150,BOS,150,NYY,@
151,BOS,151,NYY,@
152,BOS,152,NYY,@
153,BOS,153,BOS,Home
154,BOS,154,BOS,Home
155,BOS,155,BOS,Home
156,BOS,156,BOS,Home
157,BOS,157,TOR,@
158,BOS,158,TOR,@
159,BOS,159,TOR,@
160,BOS,160,BOS,Home
161,BOS,161,BOS,Home
162,BOS,162,BOS,Home
1,CHW,1,DET,@
2,CHW,2,DET,@
3,CHW,3,DET,@
4,CHW,4,CHA,Home
5,CHW,5,CHA,Home
6,CHW,6,CHA,Home
7,CHW,7,CHA,Home
8,CHW,8,CHA,Home
9,CHW,9,CHA,Home
10,CHW,10,CLE,@
11,CHW,11,CLE,@
12,CHW,12,CLE,@
13,CHW,13,MIN,@
14,CHW,14,MIN,@
15,CHW,15,MIN,@
16,CHW,16,CHA,Home
17,CHW,17,CHA,Home
18,CHW,18,CHA,Home
19,CHW,19,CHA,Home
20,CHW,20,CHA,Home
21,CHW,21,CHA,Home
22,CHW,22,CHA,Home
23,CHW,23,CHC,@
24,CHW,24,CHC,@
25,CHW,25,BOS,@
26,CHW,26,BOS,@
27,CHW,27,BOS,@
28,CHW,28,CHA,Home
29,CHW,29,CHA,Home
30,CHW,30,CHA,Home
31,CHW,31,CHA,Home
32,CHW,32,CHA,Home
33,CHW,33,CHA,Home
34,CHW,34,KCR,@
35,CHW,35,KCR,@
36,CHW,36,KCR,@
37,CHW,37,KCR,@
38,CHW,38,KCR,@
39,CHW,39,NYY,@
40,CHW,40,NYY,@
41,CHW,41,NYY,@
42,CHW,42,CHA,Home
43,CHW,43,CHA,Home
44,CHW,44,CHA,Home
45,CHW,45,CHA,Home
46,CHW,46,CHA,Home
47,CHW,47,TOR,@
48,CHW,48,TOR,@
49,CHW,49,TOR,@
50,CHW,50,TBR,@
51,CHW,51,TBR,@
52,CHW,52,TBR,@
53,CHW,53,CHA,Home
54,CHW,54,CHA,Home
55,CHW,55,CHA,Home
56,CHW,56,CHA,Home
57,CHW,57,CHA,Home
58,CHW,58,CHA,Home
59,CHW,59,DET,@
60,CHW,60,DET,@
61,CHW,61,DET,@
62,CHW,62,HOU,@
63,CHW,63,HOU,@
64,CHW,64,HOU,@
65,CHW,65,CHA,Home
66,CHW,66,CHA,Home
67,CHW,67,CHA,Home
68,CHW,68,CHA,Home
69,CHW,69,CHA,Home
70,CHW,70,CHA,Home
71,CHW,71,CHA,Home
72,CHW,72,LAA,@
73,CHW,73,LAA,@
74,CHW,74,LAA,@
75,CHW,75,SFG,@
76,CHW,76,SFG,@
77,CHW,77,SFG,@
78,CHW,78,CHA,Home
79,CHW,79,CHA,Home
80,CHW,80,CHA,Home
81,CHW,81,CHA,Home
82,CHW,82,CHA,Home
83,CHW,83,CHA,Home
84,CHW,84,CHA,Home
85,CHW,85,CLE,@
86,CHW,86,CLE,@
87,CHW,87,CLE,@
88,CHW,88,CLE,@
89,CHW,89,MIN,@
90,CHW,90,MIN,@
91,CHW,91,MIN,@
92,CHW,92,MIN,@
93,CHW,93,CHA,Home
94,CHW,94,CHA,Home
95,CHW,95,CHA,Home
96,CHW,96,CHA,Home
97,CHW,97,COL,@
98,CHW,98,COL,@
99,CHW,99,CHA,Home
100,CHW,100,CHA,Home
101,CHW,101,CHA,Home
102,CHW,102,CHA,Home
103,CHW,103,CHA,Home
104,CHW,104,CHA,Home
105,CHW,105,TEX,@
106,CHW,106,TEX,@
107,CHW,107,TEX,@
108,CHW,108,TEX,@
109,CHW,109,KCR,@
110,CHW,110,KCR,@
111,CHW,111,KCR,@
112,CHW,112,KCR,@
113,CHW,113,CHA,Home
114,CHW,114,CHA,Home
115,CHW,115,CHA,Home
116,CHW,116,CHA,Home
117,CHW,117,CHA,Home
118,CHW,118,CHA,Home
119,CHW,119,CHA,Home
120,CHW,120,CLE,@
121,CHW,121,CLE,@
122,CHW,122,KCR,@
123,CHW,123,BAL,@
124,CHW,124,BAL,@
125,CHW,125,BAL,@
126,CHW,126,CHA,Home
127,CHW,127,CHA,Home
128,CHW,128,CHA,Home
129,CHW,129,CHA,Home
130,CHW,130,CHA,Home
131,CHW,131,CHA,Home
132,CHW,132,CHA,Home
133,CHW,133,CHA,Home
134,CHW,134,CHA,Home
135,CHW,135,SEA,@
136,CHW,136,SEA,@
137,CHW,137,SEA,@
138,CHW,138,OAK,@
139,CHW,139,OAK,@
140,CHW,140,OAK,@
141,CHW,141,OAK,@
142,CHW,142,CHA,Home
143,CHW,143,CHA,Home
144,CHW,144,CLE,@
145,CHW,145,DET,@
146,CHW,146,DET,@
147,CHW,147,DET,@
148,CHW,148,CHA,Home
149,CHW,149,CHA,Home
150,CHW,150,CHA,Home
151,CHW,151,CHA,Home
152,CHW,152,CHA,Home
153,CHW,153,CHA,Home
154,CHW,154,MIN,@
155,CHW,155,MIN,@
156,CHW,156,MIN,@
157,CHW,157,SDP,@
158,CHW,158,SDP,@
159,CHW,159,SDP,@
160,CHW,160,CHA,Home
161,CHW,161,CHA,Home
162,CHW,162,CHA,Home
1,CHC,1,CHN,Home
2,CHC,2,CHN,Home
3,CHC,3,CHN,Home
4,CHC,4,PIT,@
5,CHC,5,PIT,@
6,CHC,6,COL,@
7,CHC,7,COL,@
8,CHC,8,COL,@
9,CHC,9,COL,@
10,CHC,10,CHN,Home
11,CHC,11,CHN,Home
12,CHC,12,CHN,Home
13,CHC,13,CHN,Home
14,CHC,14,CHN,Home
15,CHC,15,CHN,Home
16,CHC,16,CHN,Home
17,CHC,17,ATL,@
18,CHC,18,ATL,@
19,CHC,19,ATL,@
20,CHC,20,MIL,@
21,CHC,21,MIL,@
22,CHC,22,MIL,@
23,CHC,23,CHN,Home
24,CHC,24,CHN,Home
25,CHC,25,CHN,Home
26,CHC,26,CHN,Home
27,CHC,27,CHN,Home
28,CHC,28,SDP,@
29,CHC,29,SDP,@
30,CHC,30,SDP,@
31,CHC,31,ARI,@
32,CHC,32,ARI,@
33,CHC,33,ARI,@
34,CHC,34,CHN,Home
35,CHC,35,CHN,Home
36,CHC,36,CHN,Home
37,CHC,37,CHN,Home
38,CHC,38,CHN,Home
39,CHC,39,CHN,Home
40,CHC,40,CHN,Home
41,CHC,41,CIN,@
42,CHC,42,CIN,@
43,CHC,43,CIN,@
44,CHC,44,CIN,@
45,CHC,45,CHW,@
46,CHC,46,CHW,@
47,CHC,47,CHN,Home
48,CHC,48,CHN,Home
49,CHC,49,CHN,Home
50,CHC,50,CHN,Home
51,CHC,51,CHN,Home
52,CHC,52,CHN,Home
53,CHC,53,CHN,Home
54,CHC,54,CHN,Home
55,CHC,55,CHN,Home
56,CHC,56,BAL,@
57,CHC,57,NYY,@
58,CHC,58,NYY,@
59,CHC,59,NYY,@
60,CHC,60,CHN,Home
61,CHC,61,CHN,Home
62,CHC,62,CHN,Home
63,CHC,63,CHN,Home
64,CHC,64,CHN,Home
65,CHC,65,CHN,Home
66,CHC,66,CHN,Home
67,CHC,67,PIT,@
68,CHC,68,PIT,@
69,CHC,69,PIT,@
70,CHC,70,PIT,@
71,CHC,71,STL,@
72,CHC,72,STL,@
73,CHC,73,STL,@
74,CHC,74,CHN,Home
75,CHC,75,CHN,Home
76,CHC,76,CHN,Home
77,CHC,77,CHN,Home
78,CHC,78,CHN,Home
79,CHC,79,CHN,Home
80,CHC,80,MIL,@
81,CHC,81,MIL,@
82,CHC,82,MIL,@
83,CHC,83,LAD,@
84,CHC,84,LAD,@
85,CHC,85,LAD,@
86,CHC,86,LAD,@
87,CHC,87,CHN,Home
88,CHC,88,CHN,Home
89,CHC,89,CHN,Home
90,CHC,90,CHN,Home
91,CHC,91,CHN,Home
92,CHC,92,CHN,Home
93,CHC,93,PHI,@
94,CHC,94,PHI,@
95,CHC,95,PHI,@
96,CHC,96,CHN,Home
97,CHC,97,CHN,Home
98,CHC,98,SFG,@
99,CHC,99,SFG,@
100,CHC,100,SFG,@
101,CHC,101,SFG,@
102,CHC,102,STL,@
103,CHC,103,STL,@
104,CHC,104,STL,@
105,CHC,105,CHN,Home
106,CHC,106,CHN,Home
107,CHC,107,CHN,Home
108,CHC,108,CHN,Home
109,CHC,109,CHN,Home
110,CHC,110,CHN,Home
111,CHC,111,CIN,@
112,CHC,112,CIN,@
113,CHC,113,CIN,@
114,CHC,114,WSN,@
115,CHC,115,WSN,@
116,CHC,116,WSN,@
117,CHC,117,BAL,@
118,CHC,118,CHN,Home
119,CHC,119,CHN,Home
120,CHC,120,CHN,Home
121,CHC,121,CHN,Home
122,CHC,122,CHN,Home
123,CHC,123,CHN,Home
124,CHC,124,CHN,Home
125,CHC,125,CHN,Home
126,CHC,126,MIL,@
127,CHC,127,MIL,@
128,CHC,128,MIL,@
129,CHC,129,TOR,@
130,CHC,130,TOR,@
131,CHC,131,TOR,@
132,CHC,132,STL,@
133,CHC,133,STL,@
134,CHC,134,STL,@
135,CHC,135,CHN,Home
136,CHC,136,CHN,Home
137,CHC,137,CHN,Home
138,CHC,138,CHN,Home
139,CHC,139,CHN,Home
140,CHC,140,CHN,Home
141,CHC,141,NYM,@
142,CHC,142,NYM,@
143,CHC,143,NYM,@
144,CHC,144,CHN,Home
145,CHC,145,CHN,Home
146,CHC,146,CHN,Home
147,CHC,147,MIA,@
148,CHC,148,MIA,@
149,CHC,149,MIA,@
150,CHC,150,PIT,@
151,CHC,151,PIT,@
152,CHC,152,PIT,@
153,CHC,153,PIT,@
154,CHC,154,CHN,Home
155,CHC,155,CHN,Home
156,CHC,156,CHN,Home
157,CHC,157,CHN,Home
158,CHC,158,CHN,Home
159,CHC,159,CHN,Home
160,CHC,160,CIN,@
161,CHC,161,CIN,@
162,CHC,162,CIN,@
1,CIN,1,ATL,@
2,CIN,2,ATL,@
3,CIN,3,ATL,@
4,CIN,4,ATL,@
5,CIN,5,CIN,Home
6,CIN,6,CIN,Home
7,CIN,7,LAD,@
8,CIN,8,LAD,@
9,CIN,9,LAD,@
10,CIN,10,LAD,@
11,CIN,11,SDP,@
12,CIN,12,SDP,@
13,CIN,13,SDP,@
14,CIN,14,CIN,Home
15,CIN,15,CIN,Home
16,CIN,16,CIN,Home
17,CIN,17,CIN,Home
18,CIN,18,CIN,Home
19,CIN,19,CIN,Home
20,CIN,20,COL,@
21,CIN,21,COL,@
22,CIN,22,COL,@
23,CIN,23,MIL,@
24,CIN,24,MIL,@
25,CIN,25,MIL,@
26,CIN,26,CIN,Home
27,CIN,27,CIN,Home
28,CIN,28,CIN,Home
29,CIN,29,CIN,Home
30,CIN,30,CIN,Home
31,CIN,31,CIN,Home
32,CIN,32,PIT,@
33,CIN,33,PIT,@
34,CIN,34,PIT,@
35,CIN,35,PIT,@
36,CIN,36,CLE,@
37,CIN,37,CLE,@
38,CIN,38,TOR,@
39,CIN,39,TOR,@
40,CIN,40,TOR,@
41,CIN,41,CIN,Home
42,CIN,42,CIN,Home
43,CIN,43,CIN,Home
44,CIN,44,CIN,Home
45,CIN,45,CIN,Home
46,CIN,46,CIN,Home
47,CIN,47,CIN,Home
48,CIN,48,BOS,@
49,CIN,49,BOS,@
50,CIN,50,CIN,Home
51,CIN,51,CIN,Home
52,CIN,52,CIN,Home
53,CIN,53,CIN,Home
54,CIN,54,CIN,Home
55,CIN,55,CIN,Home
56,CIN,56,CIN,Home
57,CIN,57,CIN,Home
58,CIN,58,STL,@
59,CIN,59,STL,@
60,CIN,60,STL,@
61,CIN,61,ARI,@
62,CIN,62,ARI,@
63,CIN,63,ARI,@
64,CIN,64,CIN,Home
65,CIN,65,CIN,Home
66,CIN,66,CIN,Home
67,CIN,67,CIN,Home
68,CIN,68,CIN,Home
69,CIN,69,CIN,Home
70,CIN,70,SFG,@
71,CIN,71,SFG,@
72,CIN,72,SFG,@
73,CIN,73,CHC,@
74,CIN,74,CHC,@
75,CIN,75,CHC,@
76,CIN,76,CIN,Home
77,CIN,77,CIN,Home
78,CIN,78,CIN,Home
79,CIN,79,CIN,Home
80,CIN,80,CIN,Home
81,CIN,81,CIN,Home
82,CIN,82,CIN,Home
83,CIN,83,CIN,Home
84,CIN,84,CIN,Home
85,CIN,85,CIN,Home
86,CIN,86,CIN,Home
87,CIN,87,NYY,@
88,CIN,88,NYY,@
89,CIN,89,NYY,@
90,CIN,90,STL,@
91,CIN,91,STL,@
92,CIN,92,CIN,Home
93,CIN,93,CIN,Home
94,CIN,94,CIN,Home
95,CIN,95,CIN,Home
96,CIN,96,CIN,Home
97,CIN,97,CIN,Home
98,CIN,98,CIN,Home
99,CIN,99,CIN,Home
100,CIN,100,CIN,Home
101,CIN,101,CIN,Home
102,CIN,102,MIA,@
103,CIN,103,MIA,@
104,CIN,104,MIA,@
105,CIN,105,MIL,@
106,CIN,106,MIL,@
107,CIN,107,MIL,@
108,CIN,108,NYM,@
109,CIN,109,NYM,@
110,CIN,110,NYM,@
111,CIN,111,CIN,Home
112,CIN,112,CIN,Home
113,CIN,113,CIN,Home
114,CIN,114,CIN,Home
115,CIN,115,CIN,Home
116,CIN,116,CIN,Home
117,CIN,117,PIT,@
118,CIN,118,PIT,@
119,CIN,119,PIT,@
120,CIN,120,PHI,@
121,CIN,121,PHI,@
122,CIN,122,PHI,@
123,CIN,123,PHI,@
124,CIN,124,WSN,@
125,CIN,125,WSN,@
126,CIN,126,WSN,@
127,CIN,127,CIN,Home
128,CIN,128,CIN,Home
129,CIN,129,CIN,Home
130,CIN,130,CIN,Home
131,CIN,131,CIN,Home
132,CIN,132,CIN,Home
133,CIN,133,CHC,@
134,CIN,134,CHC,@
135,CIN,135,CHC,@
136,CIN,136,MIL,@
137,CIN,137,MIL,@
138,CIN,138,MIL,@
139,CIN,139,CIN,Home
140,CIN,140,CIN,Home
141,CIN,141,CIN,Home
142,CIN,142,CIN,Home
143,CIN,143,STL,@
144,CIN,144,STL,@
145,CIN,145,STL,@
146,CIN,146,STL,@
147,CIN,147,STL,@
148,CIN,148,CIN,Home
149,CIN,149,CIN,Home
150,CIN,150,CIN,Home
151,CIN,151,CIN,Home
152,CIN,152,CIN,Home
153,CIN,153,CIN,Home
154,CIN,154,PIT,@
155,CIN,155,PIT,@
156,CIN,156,PIT,@
157,CIN,157,CHC,@
158,CIN,158,CHC,@
159,CIN,159,CHC,@
160,CIN,160,CIN,Home
161,CIN,161,CIN,Home
162,CIN,162,CIN,Home
1,CLE,1,KCR,@
2,CLE,2,KCR,@
3,CLE,3,KCR,@
4,CLE,4,KCR,@
5,CLE,5,CIN,@
6,CLE,6,CIN,@
7,CLE,7,CLE,Home
8,CLE,8,CLE,Home
9,CLE,9,CLE,Home
10,CLE,10,CLE,Home
11,CLE,11,CLE,Home
12,CLE,12,CLE,Home
13,CLE,13,NYY,@
14,CLE,14,NYY,@
15,CLE,15,NYY,@
16,CLE,16,LAA,@
17,CLE,17,LAA,@
18,CLE,18,LAA,@
19,CLE,19,LAA,@
20,CLE,20,OAK,@
21,CLE,21,OAK,@
22,CLE,22,OAK,@
23,CLE,23,CLE,Home
24,CLE,24,CLE,Home
25,CLE,25,CLE,Home
26,CLE,26,CLE,Home
27,CLE,27,CLE,Home
28,CLE,28,CLE,Home
29,CLE,29,CHW,@
30,CLE,30,CHW,@
31,CLE,31,MIN,@
32,CLE,32,MIN,@
33,CLE,33,MIN,@
34,CLE,34,CLE,Home
35,CLE,35,CLE,Home
36,CLE,36,CLE,Home
37,CLE,37,CLE,Home
38,CLE,38,HOU,@
39,CLE,39,HOU,@
40,CLE,40,HOU,@
41,CLE,41,DET,@
42,CLE,42,DET,@
43,CLE,43,DET,@
44,CLE,44,CLE,Home
45,CLE,45,CLE,Home
46,CLE,46,CLE,Home
47,CLE,47,BAL,@
48,CLE,48,BAL,@
49,CLE,49,BAL,@
50,CLE,50,CLE,Home
51,CLE,51,CLE,Home
52,CLE,52,CLE,Home
53,CLE,53,CLE,Home
54,CLE,54,CLE,Home
55,CLE,55,CLE,Home
56,CLE,56,CLE,Home
57,CLE,57,COL,@
58,CLE,58,COL,@
59,CLE,59,COL,@
60,CLE,60,LAD,@
61,CLE,61,LAD,@
62,CLE,62,LAD,@
63,CLE,63,MIN,@
64,CLE,64,MIN,@
65,CLE,65,MIN,@
66,CLE,66,CLE,Home
67,CLE,67,CLE,Home
68,CLE,68,CLE,Home
69,CLE,69,CLE,Home
70,CLE,70,CLE,Home
71,CLE,71,CLE,Home
72,CLE,72,CLE,Home
73,CLE,73,CLE,Home
74,CLE,74,CLE,Home
75,CLE,75,CLE,Home
76,CLE,76,CLE,Home
77,CLE,77,DET,@
78,CLE,78,DET,@
79,CLE,79,DET,@
80,CLE,80,DET,@
81,CLE,81,KCR,@
82,CLE,82,KCR,@
83,CLE,83,KCR,@
84,CLE,84,CLE,Home
85,CLE,85,CLE,Home
86,CLE,86,CLE,Home
87,CLE,87,CLE,Home
88,CLE,88,CLE,Home
89,CLE,89,CLE,Home
90,CLE,90,CLE,Home
91,CLE,91,CHW,@
92,CLE,92,CHW,@
93,CLE,93,CHW,@
94,CLE,94,CHW,@
95,CLE,95,BOS,@
96,CLE,96,BOS,@
97,CLE,97,BOS,@
98,CLE,98,BOS,@
99,CLE,99,TBR,@
100,CLE,100,TBR,@
101,CLE,101,TBR,@
102,CLE,102,CLE,Home
103,CLE,103,CLE,Home
104,CLE,104,CLE,Home
105,CLE,105,CLE,Home
106,CLE,106,CLE,Home
107,CLE,107,CLE,Home
108,CLE,108,CLE,Home
109,CLE,109,DET,@
110,CLE,110,DET,@
111,CLE,111,DET,@
112,CLE,112,TOR,@
113,CLE,113,TOR,@
114,CLE,114,TOR,@
115,CLE,115,CLE,Home
116,CLE,116,CLE,Home
117,CLE,117,CLE,Home
118,CLE,118,CLE,Home
119,CLE,119,CLE,Home
120,CLE,120,CLE,Home
121,CLE,121,SDP,@
122,CLE,122,SDP,@
123,CLE,123,SEA,@
124,CLE,124,SEA,@
125,CLE,125,SEA,@
126,CLE,126,SEA,@
127,CLE,127,CLE,Home
128,CLE,128,CLE,Home
129,CLE,129,CLE,Home
130,CLE,130,CLE,Home
131,CLE,131,CLE,Home
132,CLE,132,CLE,Home
133,CLE,133,KCR,@
134,CLE,134,KCR,@
135,CLE,135,KCR,@
136,CLE,136,MIN,@
137,CLE,137,MIN,@
138,CLE,138,MIN,@
139,CLE,139,CLE,Home
140,CLE,140,CLE,Home
141,CLE,141,CLE,Home
142,CLE,142,CLE,Home
143,CLE,143,CLE,Home
144,CLE,144,CLE,Home
145,CLE,145,CLE,Home
146,CLE,146,CLE,Home
147,CLE,147,CLE,Home
148,CLE,148,CHW,@
149,CLE,149,CHW,@
150,CLE,150,CHW,@
151,CLE,151,TEX,@
152,CLE,152,TEX,@
153,CLE,153,TEX,@
154,CLE,154,CLE,Home
155,CLE,155,CLE,Home
156,CLE,156,CLE,Home
157,CLE,157,CLE,Home
158,CLE,158,CLE,Home
159,CLE,159,CLE,Home
160,CLE,160,CLE,Home
161,CLE,161,CLE,Home
162,CLE,162,CLE,Home
1,COL,1,COL,Home
2,COL,2,COL,Home
3,COL,3,COL,Home
4,COL,4,TEX,@
5,COL,5,TEX,@
6,COL,6,COL,Home
7,COL,7,COL,Home
8,COL,8,COL,Home
9,COL,9,COL,Home
10,COL,10,COL,Home
11,COL,11,COL,Home
12,COL,12,COL,Home
13,COL,13,DET,@
14,COL,14,DET,@
15,COL,15,DET,@
16,COL,16,PHI,@
17,COL,17,PHI,@
18,COL,18,PHI,@
19,COL,19,PHI,@
20,COL,20,COL,Home
21,COL,21,COL,Home
22,COL,22,COL,Home
23,COL,23,COL,Home
24,COL,24,COL,Home
25,COL,25,COL,Home
26,COL,26,ARI,@
27,COL,27,ARI,@
28,COL,28,ARI,@
29,COL,29,SFG,@
30,COL,30,SFG,@
31,COL,31,SFG,@
32,COL,32,COL,Home
33,COL,33,COL,Home
34,COL,34,COL,Home
35,COL,35,COL,Home
36,COL,36,COL,Home
37,COL,37,COL,Home
38,COL,38,COL,Home
39,COL,39,COL,Home
40,COL,40,COL,Home
41,COL,41,PIT,@
42,COL,42,PIT,@
43,COL,43,PIT,@
44,COL,44,WSN,@
45,COL,45,WSN,@
46,COL,46,WSN,@
47,COL,47,WSN,@
48,COL,48,COL,Home
49,COL,49,COL,Home
50,COL,50,COL,Home
51,COL,51,COL,Home
52,COL,52,COL,Home
53,COL,53,COL,Home
54,COL,54,COL,Home
55,COL,55,SFG,@
56,COL,56,SFG,@
57,COL,57,SFG,@
58,COL,58,SDP,@
59,COL,59,SDP,@
60,COL,60,SDP,@
61,COL,61,SDP,@
62,COL,62,COL,Home
63,COL,63,COL,Home
64,COL,64,COL,Home
65,COL,65,COL,Home
66,COL,66,COL,Home
67,COL,67,COL,Home
68,COL,68,MIA,@
69,COL,69,MIA,@
70,COL,70,MIA,@
71,COL,71,MIN,@
72,COL,72,MIN,@
73,COL,73,MIN,@
74,COL,74,COL,Home
75,COL,75,COL,Home
76,COL,76,COL,Home
77,COL,77,COL,Home
78,COL,78,COL,Home
79,COL,79,COL,Home
80,COL,80,LAD,@
81,COL,81,LAD,@
82,COL,82,LAD,@
83,COL,83,ARI,@
84,COL,84,ARI,@
85,COL,85,ARI,@
86,COL,86,ARI,@
87,COL,87,COL,Home
88,COL,88,COL,Home
89,COL,89,COL,Home
90,COL,90,COL,Home
91,COL,91,COL,Home
92,COL,92,COL,Home
93,COL,93,COL,Home
94,COL,94,MIL,@
95,COL,95,MIL,@
96,COL,96,MIL,@
97,COL,97,MIL,@
98,COL,98,COL,Home
99,COL,99,COL,Home
100,COL,100,COL,Home
101,COL,101,COL,Home
102,COL,102,COL,Home
103,COL,103,COL,Home
104,COL,104,SDP,@
105,COL,105,SDP,@
106,COL,106,SDP,@
107,COL,107,SDP,@
108,COL,108,SDP,@
109,COL,109,ARI,@
110,COL,110,ARI,@
111,COL,111,ARI,@
112,COL,112,COL,Home
113,COL,113,COL,Home
114,COL,114,COL,Home
115,COL,115,COL,Home
116,COL,116,COL,Home
117,COL,117,COL,Home
118,COL,118,STL,@
119,COL,119,STL,@
120,COL,120,STL,@
121,COL,121,COL,Home
122,COL,122,COL,Home
123,COL,123,COL,Home
124,COL,124,COL,Home
125,COL,125,COL,Home
126,COL,126,NYM,@
127,COL,127,NYM,@
128,COL,128,NYM,@
129,COL,129,NYM,@
130,COL,130,ATL,@
131,COL,131,ATL,@
132,COL,132,ATL,@
133,COL,133,CIN,@
134,COL,134,CIN,@
135,COL,135,CIN,@
136,COL,136,COL,Home
137,COL,137,COL,Home
138,COL,138,COL,Home
139,COL,139,COL,Home
140,COL,140,COL,Home
141,COL,141,COL,Home
142,COL,142,CHW,@
143,COL,143,CHW,@
144,COL,144,CHC,@
145,COL,145,CHC,@
146,COL,146,CHC,@
147,COL,147,COL,Home
148,COL,148,COL,Home
149,COL,149,COL,Home
150,COL,150,COL,Home
151,COL,151,COL,Home
152,COL,152,COL,Home
153,COL,153,COL,Home
154,COL,154,SFG,@
155,COL,155,SFG,@
156,COL,156,SFG,@
157,COL,157,LAD,@
158,COL,158,LAD,@
159,COL,159,LAD,@
160,COL,160,LAD,@
161,COL,161,LAD,@
162,COL,162,LAD,@
1,DET,1,DET,Home
2,DET,2,DET,Home
3,DET,3,DET,Home
4,DET,4,DET,Home
5,DET,5,DET,Home
6,DET,6,DET,Home
7,DET,7,KCR,@
8,DET,8,KCR,@
9,DET,9,KCR,@
10,DET,10,DET,Home
11,DET,11,DET,Home
12,DET,12,DET,Home
13,DET,13,DET,Home
14,DET,14,DET,Home
15,DET,15,DET,Home
16,DET,16,MIN,@
17,DET,17,MIN,@
18,DET,18,MIN,@
19,DET,19,LAD,@
20,DET,20,LAD,@
21,DET,21,LAD,@
22,DET,22,DET,Home
23,DET,23,DET,Home
24,DET,24,HOU,@
25,DET,25,HOU,@
26,DET,26,HOU,@
27,DET,27,HOU,@
28,DET,28,DET,Home
29,DET,29,DET,Home
30,DET,30,DET,Home
31,DET,31,DET,Home
32,DET,32,DET,Home
33,DET,33,DET,Home
34,DET,34,DET,Home
35,DET,35,DET,Home
36,DET,36,TBR,@
37,DET,37,TBR,@
38,DET,38,TBR,@
39,DET,39,CLE,@
40,DET,40,CLE,@
41,DET,41,MIN,@
42,DET,42,MIN,@
43,DET,43,MIN,@
44,DET,44,DET,Home
45,DET,45,DET,Home
46,DET,46,DET,Home
47,DET,47,DET,Home
48,DET,48,DET,Home
49,DET,49,DET,Home
50,DET,50,DET,Home
51,DET,51,DET,Home
52,DET,52,NYY,@
53,DET,53,NYY,@
54,DET,54,NYY,@
55,DET,55,PIT,@
56,DET,56,PIT,@
57,DET,57,DET,Home
58,DET,58,DET,Home
59,DET,59,DET,Home
60,DET,60,DET,Home
61,DET,61,DET,Home
62,DET,62,DET,Home
63,DET,63,DET,Home
64,DET,64,DET,Home
65,DET,65,DET,Home
66,DET,66,DET,Home
67,DET,67,BOS,@
68,DET,68,BOS,@
69,DET,69,BOS,@
70,DET,70,ARI,@
71,DET,71,ARI,@
72,DET,72,ARI,@
73,DET,73,SFG,@
74,DET,74,SFG,@
75,DET,75,DET,Home
76,DET,76,DET,Home
77,DET,77,DET,Home
78,DET,78,DET,Home
79,DET,79,DET,Home
80,DET,80,DET,Home
81,DET,81,DET,Home
82,DET,82,CHW,@
83,DET,83,CHW,@
84,DET,84,CHW,@
85,DET,85,CHW,@
86,DET,86,KCR,@
87,DET,87,KCR,@
88,DET,88,KCR,@
89,DET,89,KCR,@
90,DET,90,CLE,@
91,DET,91,CLE,@
92,DET,92,CLE,@
93,DET,93,OAK,@
94,DET,94,OAK,@
95,DET,95,DET,Home
96,DET,96,DET,Home
97,DET,97,DET,Home
98,DET,98,DET,Home
99,DET,99,DET,Home
100,DET,100,TOR,@
101,DET,101,TOR,@
102,DET,102,TOR,@
103,DET,103,TOR,@
104,DET,104,MIN,@
105,DET,105,MIN,@
106,DET,106,MIN,@
107,DET,107,DET,Home
108,DET,108,DET,Home
109,DET,109,DET,Home
110,DET,110,DET,Home
111,DET,111,DET,Home
112,DET,112,DET,Home
113,DET,113,DET,Home
114,DET,114,CHW,@
115,DET,115,CHW,@
116,DET,116,CHW,@
117,DET,117,CLE,@
118,DET,118,CLE,@
119,DET,119,CLE,@
120,DET,120,CLE,@
121,DET,121,DET,Home
122,DET,122,DET,Home
123,DET,123,DET,Home
124,DET,124,DET,Home
125,DET,125,DET,Home
126,DET,126,TEX,@
127,DET,127,TEX,@
128,DET,128,TEX,@
129,DET,129,DET,Home
130,DET,130,DET,Home
131,DET,131,DET,Home
132,DET,132,DET,Home
133,DET,133,DET,Home
134,DET,134,DET,Home
135,DET,135,LAA,@
136,DET,136,LAA,@
137,DET,137,LAA,@
138,DET,138,KCR,@
139,DET,139,KCR,@
140,DET,140,KCR,@
141,DET,141,DET,Home
142,DET,142,DET,Home
143,DET,143,DET,Home
144,DET,144,DET,Home
145,DET,145,DET,Home
146,DET,146,DET,Home
147,DET,147,BAL,@
148,DET,148,BAL,@
149,DET,149,BAL,@
150,DET,150,CHW,@
151,DET,151,CHW,@
152,DET,152,CHW,@
153,DET,153,DET,Home
154,DET,154,DET,Home
155,DET,155,DET,Home
156,DET,156,DET,Home
157,DET,157,DET,Home
158,DET,158,DET,Home
159,DET,159,SEA,@
160,DET,160,SEA,@
161,DET,161,SEA,@
162,DET,162,SEA,@
1,HOU,1,LAA,@
2,HOU,2,LAA,@
3,HOU,3,LAA,@
4,HOU,4,LAA,@
5,HOU,5,ARI,@
6,HOU,6,ARI,@
7,HOU,7,SEA,@
8,HOU,8,SEA,@
9,HOU,9,SEA,@
10,HOU,10,HOU,Home
11,HOU,11,HOU,Home
12,HOU,12,HOU,Home
13,HOU,13,HOU,Home
14,HOU,14,HOU,Home
15,HOU,15,HOU,Home
16,HOU,16,TEX,@
17,HOU,17,TEX,@
18,HOU,18,TEX,@
19,HOU,19,TEX,@
20,HOU,20,TOR,@
21,HOU,21,TOR,@
22,HOU,22,TOR,@
23,HOU,23,HOU,Home
24,HOU,24,HOU,Home
25,HOU,25,HOU,Home
26,HOU,26,HOU,Home
27,HOU,27,HOU,Home
28,HOU,28,HOU,Home
29,HOU,29,HOU,Home
30,HOU,30,MIN,@
31,HOU,31,MIN,@
32,HOU,32,MIN,@
33,HOU,33,WSN,@
34,HOU,34,WSN,@
35,HOU,35,WSN,@
36,HOU,36,BOS,@
37,HOU,37,BOS,@
38,HOU,38,BOS,@
39,HOU,39,HOU,Home
40,HOU,40,HOU,Home
41,HOU,41,HOU,Home
42,HOU,42,HOU,Home
43,HOU,43,HOU,Home
44,HOU,44,HOU,Home
45,HOU,45,HOU,Home
46,HOU,46,SEA,@
47,HOU,47,SEA,@
48,HOU,48,SEA,@
49,HOU,49,OAK,@
50,HOU,50,OAK,@
51,HOU,51,OAK,@
52,HOU,52,KCR,@
53,HOU,53,KCR,@
54,HOU,54,KCR,@
55,HOU,55,HOU,Home
56,HOU,56,HOU,Home
57,HOU,57,HOU,Home
58,HOU,58,HOU,Home
59,HOU,59,HOU,Home
60,HOU,60,HOU,Home
61,HOU,61,TEX,@
62,HOU,62,TEX,@
63,HOU,63,TEX,@
64,HOU,64,HOU,Home
65,HOU,65,HOU,Home
66,HOU,66,HOU,Home
67,HOU,67,HOU,Home
68,HOU,68,HOU,Home
69,HOU,69,NYY,@
70,HOU,70,NYY,@
71,HOU,71,NYY,@
72,HOU,72,NYY,@
73,HOU,73,NYM,@
74,HOU,74,NYM,@
75,HOU,75,HOU,Home
76,HOU,76,HOU,Home
77,HOU,77,HOU,Home
78,HOU,78,HOU,Home
79,HOU,79,HOU,Home
80,HOU,80,HOU,Home
81,HOU,81,HOU,Home
82,HOU,82,HOU,Home
83,HOU,83,OAK,@
84,HOU,84,OAK,@
85,HOU,85,OAK,@
86,HOU,86,LAA,@
87,HOU,87,LAA,@
88,HOU,88,LAA,@
89,HOU,89,HOU,Home
90,HOU,90,HOU,Home
91,HOU,91,HOU,Home
92,HOU,92,HOU,Home
93,HOU,93,HOU,Home
94,HOU,94,SEA,@
95,HOU,95,SEA,@
96,HOU,96,SEA,@
97,HOU,97,OAK,@
98,HOU,98,OAK,@
99,HOU,99,OAK,@
100,HOU,100,HOU,Home
101,HOU,101,HOU,Home
102,HOU,102,HOU,Home
103,HOU,103,HOU,Home
104,HOU,104,HOU,Home
105,HOU,105,HOU,Home
106,HOU,106,HOU,Home
107,HOU,107,CLE,@
108,HOU,108,CLE,@
109,HOU,109,CLE,@
110,HOU,110,CLE,@
111,HOU,111,HOU,Home
112,HOU,112,HOU,Home
113,HOU,113,HOU,Home
114,HOU,114,HOU,Home
115,HOU,115,HOU,Home
116,HOU,116,HOU,Home
117,HOU,117,CHW,@
118,HOU,118,CHW,@
119,HOU,119,CHW,@
120,HOU,120,CHW,@
121,HOU,121,ATL,@
122,HOU,122,ATL,@
123,HOU,123,ATL,@
124,HOU,124,HOU,Home
125,HOU,125,HOU,Home
126,HOU,126,HOU,Home
127,HOU,127,HOU,Home
128,HOU,128,HOU,Home
129,HOU,129,HOU,Home
130,HOU,130,TEX,@
131,HOU,131,TEX,@
132,HOU,132,LAA,@
133,HOU,133,LAA,@
134,HOU,134,LAA,@
135,HOU,135,HOU,Home
136,HOU,136,HOU,Home
137,HOU,137,HOU,Home
138,HOU,138,HOU,Home
139,HOU,139,HOU,Home
140,HOU,140,HOU,Home
141,HOU,141,DET,@
142,HOU,142,DET,@
143,HOU,143,DET,@
144,HOU,144,HOU,Home
145,HOU,145,HOU,Home
146,HOU,146,HOU,Home
147,HOU,147,HOU,Home
148,HOU,148,TBR,@
149,HOU,149,TBR,@
150,HOU,150,TBR,@
151,HOU,151,BAL,@
152,HOU,152,BAL,@
153,HOU,153,BAL,@
154,HOU,154,BAL,@
155,HOU,155,HOU,Home
156,HOU,156,HOU,Home
157,HOU,157,HOU,Home
158,HOU,158,HOU,Home
159,HOU,159,HOU,Home
160,HOU,160,HOU,Home
161,HOU,161,HOU,Home
162,HOU,162,HOU,Home
1,KCR,1,KC,Home
2,KCR,2,KC,Home
3,KCR,3,KC,Home
4,KCR,4,KC,Home
5,KCR,5,STL,@
6,KCR,6,KC,Home
7,KCR,7,KC,Home
8,KCR,8,KC,Home
9,KCR,9,KC,Home
10,KCR,10,KC,Home
11,KCR,11,KC,Home
12,KCR,12,SEA,@
13,KCR,13,SEA,@
14,KCR,14,SEA,@
15,KCR,15,CHW,@
16,KCR,16,CHW,@
17,KCR,17,CHW,@
18,KCR,18,KC,Home
19,KCR,19,KC,Home
20,KCR,20,KC,Home
21,KCR,21,STL,@
22,KCR,22,KC,Home
23,KCR,23,KC,Home
24,KCR,24,BAL,@
25,KCR,25,BAL,@
26,KCR,26,BAL,@
27,KCR,27,TEX,@
28,KCR,28,TEX,@
29,KCR,29,TEX,@
30,KCR,30,COL,@
31,KCR,31,COL,@
32,KCR,32,COL,@
33,KCR,33,KC,Home
34,KCR,34,KC,Home
35,KCR,35,KC,Home
36,KCR,36,KC,Home
37,KCR,37,KC,Home
38,KCR,38,KC,Home
39,KCR,39,KC,Home
40,KCR,40,KC,Home
41,KCR,41,ARI,@
42,KCR,42,ARI,@
43,KCR,43,MIN,@
44,KCR,44,MIN,@
45,KCR,45,MIN,@
46,KCR,46,MIN,@
47,KCR,47,CLE,@
48,KCR,48,CLE,@
49,KCR,49,CLE,@
50,KCR,50,KC,Home
51,KCR,51,KC,Home
52,KCR,52,KC,Home
53,KCR,53,KC,Home
54,KCR,54,KC,Home
55,KCR,55,KC,Home
56,KCR,56,KC,Home
57,KCR,57,KC,Home
58,KCR,58,KC,Home
59,KCR,59,KC,Home
60,KCR,60,SFG,@
61,KCR,61,SFG,@
62,KCR,62,SFG,@
63,KCR,63,OAK,@
64,KCR,64,OAK,@
65,KCR,65,OAK,@
66,KCR,66,LAA,@
67,KCR,67,LAA,@
68,KCR,68,LAA,@
69,KCR,69,KC,Home
70,KCR,70,KC,Home
71,KCR,71,KC,Home
72,KCR,72,KC,Home
73,KCR,73,KC,Home
74,KCR,74,KC,Home
75,KCR,75,DET,@
76,KCR,76,DET,@
77,KCR,77,DET,@
78,KCR,78,HOU,@
79,KCR,79,HOU,@
80,KCR,80,HOU,@
81,KCR,81,HOU,@
82,KCR,82,KC,Home
83,KCR,83,KC,Home
84,KCR,84,KC,Home
85,KCR,85,KC,Home
86,KCR,86,KC,Home
87,KCR,87,KC,Home
88,KCR,88,KC,Home
89,KCR,89,TOR,@
90,KCR,90,TOR,@
91,KCR,91,TOR,@
92,KCR,92,TOR,@
93,KCR,93,KC,Home
94,KCR,94,KC,Home
95,KCR,95,KC,Home
96,KCR,96,KC,Home
97,KCR,97,KC,Home
98,KCR,98,KC,Home
99,KCR,99,NYY,@
100,KCR,100,NYY,@
101,KCR,101,NYY,@
102,KCR,102,NYY,@
103,KCR,103,CHW,@
104,KCR,104,CHW,@
105,KCR,105,CHW,@
106,KCR,106,KC,Home
107,KCR,107,KC,Home
108,KCR,108,KC,Home
109,KCR,109,KC,Home
110,KCR,110,KC,Home
111,KCR,111,KC,Home
112,KCR,112,KC,Home
113,KCR,113,KC,Home
114,KCR,114,KC,Home
115,KCR,115,KC,Home
116,KCR,116,KC,Home
117,KCR,117,MIN,@
118,KCR,118,MIN,@
119,KCR,119,MIN,@
120,KCR,120,TBR,@
121,KCR,121,TBR,@
122,KCR,122,TBR,@
123,KCR,123,TBR,@
124,KCR,124,KC,Home
125,KCR,125,KC,Home
126,KCR,126,KC,Home
127,KCR,127,KC,Home
128,KCR,128,KC,Home
129,KCR,129,KC,Home
130,KCR,130,CHW,@
131,KCR,131,CHW,@
132,KCR,132,CHW,@
133,KCR,133,DET,@
134,KCR,134,DET,@
135,KCR,135,DET,@
136,KCR,136,KC,Home
137,KCR,137,KC,Home
138,KCR,138,KC,Home
139,KCR,139,KC,Home
140,KCR,140,KC,Home
141,KCR,141,KC,Home
142,KCR,142,MIN,@
143,KCR,143,MIN,@
144,KCR,144,MIN,@
145,KCR,145,BOS,@
146,KCR,146,BOS,@
147,KCR,147,BOS,@
148,KCR,148,KC,Home
149,KCR,149,KC,Home
150,KCR,150,KC,Home
151,KCR,151,KC,Home
152,KCR,152,KC,Home
153,KCR,153,KC,Home
154,KCR,154,DET,@
155,KCR,155,DET,@
156,KCR,156,DET,@
157,KCR,157,CLE,@
158,KCR,158,CLE,@
159,KCR,159,CLE,@
160,KCR,160,CLE,@
161,KCR,161,CLE,@
162,KCR,162,CLE,@
1,LAD,1,COL,@
2,LAD,2,COL,@
3,LAD,3,COL,@
4,LAD,4,MIN,@
5,LAD,5,MIN,@
6,LAD,6,LAN,Home
7,LAD,7,LAN,Home
8,LAD,8,LAN,Home
9,LAD,9,LAN,Home
10,LAD,10,LAN,Home
11,LAD,11,LAN,Home
12,LAD,12,LAN,Home
13,LAD,13,SDP,@
14,LAD,14,SDP,@
15,LAD,15,SDP,@
16,LAD,16,ARI,@
17,LAD,17,ARI,@
18,LAD,18,ARI,@
19,LAD,19,LAN,Home
20,LAD,20,LAN,Home
21,LAD,21,LAN,Home
22,LAD,22,LAN,Home
23,LAD,23,LAN,Home
24,LAD,24,CHC,@
25,LAD,25,CHC,@
26,LAD,26,CHC,@
27,LAD,27,PIT,@
28,LAD,28,PIT,@
29,LAD,29,PIT,@
30,LAD,30,LAN,Home
31,LAD,31,LAN,Home
32,LAD,32,LAN,Home
33,LAD,33,LAN,Home
34,LAD,34,LAN,Home
35,LAD,35,LAN,Home
36,LAD,36,LAN,Home
37,LAD,37,LAN,Home
38,LAD,38,PHI,@
39,LAD,39,PHI,@
40,LAD,40,PHI,@
41,LAD,41,WSN,@
42,LAD,42,WSN,@
43,LAD,43,WSN,@
44,LAD,44,ARI,@
45,LAD,45,ARI,@
46,LAD,46,ARI,@
47,LAD,47,ARI,@
48,LAD,48,LAN,Home
49,LAD,49,LAN,Home
50,LAD,50,LAN,Home
51,LAD,51,LAN,Home
52,LAD,52,LAN,Home
53,LAD,53,LAN,Home
54,LAD,54,LAN,Home
55,LAD,55,CHW,@
56,LAD,56,CHW,@
57,LAD,57,CHW,@
58,LAD,58,SFG,@
59,LAD,59,SFG,@
60,LAD,60,SFG,@
61,LAD,61,LAN,Home
62,LAD,62,LAN,Home
63,LAD,63,LAN,Home
64,LAD,64,LAN,Home
65,LAD,65,LAN,Home
66,LAD,66,CIN,@
67,LAD,67,CIN,@
68,LAD,68,CIN,@
69,LAD,69,ATL,@
70,LAD,70,ATL,@
71,LAD,71,ATL,@
72,LAD,72,COL,@
73,LAD,73,COL,@
74,LAD,74,COL,@
75,LAD,75,LAN,Home
76,LAD,76,LAN,Home
77,LAD,77,LAN,Home
78,LAD,78,LAN,Home
79,LAD,79,LAN,Home
80,LAD,80,LAN,Home
81,LAD,81,LAN,Home
82,LAD,82,LAN,Home
83,LAD,83,LAN,Home
84,LAD,84,LAN,Home
85,LAD,85,LAN,Home
86,LAD,86,STL,@
87,LAD,87,STL,@
88,LAD,88,STL,@
89,LAD,89,LAA,@
90,LAD,90,LAA,@
91,LAD,91,LAN,Home
92,LAD,92,LAN,Home
93,LAD,93,LAN,Home
94,LAD,94,LAN,Home
95,LAD,95,LAN,Home
96,LAD,96,LAN,Home
97,LAD,97,LAN,Home
98,LAD,98,COL,@
99,LAD,99,COL,@
100,LAD,100,COL,@
101,LAD,101,COL,@
102,LAD,102,SFG,@
103,LAD,103,SFG,@
104,LAD,104,SFG,@
105,LAD,105,SFG,@
106,LAD,106,LAN,Home
107,LAD,107,LAN,Home
108,LAD,108,LAN,Home
109,LAD,109,LAN,Home
110,LAD,110,LAN,Home
111,LAD,111,KCR,@
112,LAD,112,KCR,@
113,LAD,113,KCR,@
114,LAD,114,MIL,@
115,LAD,115,MIL,@
116,LAD,116,MIL,@
117,LAD,117,MIL,@
118,LAD,118,LAN,Home
119,LAD,119,LAN,Home
120,LAD,120,LAN,Home
121,LAD,121,LAN,Home
122,LAD,122,LAN,Home
123,LAD,123,LAN,Home
124,LAD,124,MIA,@
125,LAD,125,MIA,@
126,LAD,126,MIA,@
127,LAD,127,MIA,@
128,LAD,128,NYM,@
129,LAD,129,NYM,@
130,LAD,130,NYM,@
131,LAD,131,LAN,Home
132,LAD,132,LAN,Home
133,LAD,133,LAN,Home
134,LAD,134,LAN,Home
135,LAD,135,LAN,Home
136,LAD,136,LAN,Home
137,LAD,137,SDP,@
138,LAD,138,SDP,@
139,LAD,139,SDP,@
140,LAD,140,ARI,@
141,LAD,141,ARI,@
142,LAD,142,ARI,@
143,LAD,143,SFG,@
144,LAD,144,SFG,@
145,LAD,145,SFG,@
146,LAD,146,LAN,Home
147,LAD,147,LAN,Home
148,LAD,148,LAN,Home
149,LAD,149,LAN,Home
150,LAD,150,LAN,Home
151,LAD,151,LAN,Home
152,LAD,152,LAN,Home
153,LAD,153,LAN,Home
154,LAD,154,SDP,@
155,LAD,155,SDP,@
156,LAD,156,SDP,@
157,LAD,157,LAN,Home
158,LAD,158,LAN,Home
159,LAD,159,LAN,Home
160,LAD,160,LAN,Home
161,LAD,161,LAN,Home
162,LAD,162,LAN,Home
1,MIA,1,SFG,@
2,MIA,2,SFG,@
3,MIA,3,SFG,@
4,MIA,4,LAA,@
5,MIA,5,LAA,@
6,MIA,6,MIA,Home
7,MIA,7,MIA,Home
8,MIA,8,MIA,Home
9,MIA,9,MIA,Home
10,MIA,10,MIA,Home
11,MIA,11,MIA,Home
12,MIA,12,MIA,Home
13,MIA,13,ATL,@
14,MIA,14,ATL,@
15,MIA,15,ATL,@
16,MIA,16,WSN,@
17,MIA,17,WSN,@
18,MIA,18,WSN,@
19,MIA,19,MIA,Home
20,MIA,20,MIA,Home
21,MIA,21,MIA,Home
22,MIA,22,MIA,Home
23,MIA,23,MIA,Home
24,MIA,24,MIA,Home
25,MIA,25,SDP,@
26,MIA,26,SDP,@
27,MIA,27,SDP,@
28,MIA,28,SDP,@
29,MIA,29,ARI,@
30,MIA,30,ARI,@
31,MIA,31,ARI,@
32,MIA,32,MIA,Home
33,MIA,33,MIA,Home
34,MIA,34,MIA,Home
35,MIA,35,MIA,Home
36,MIA,36,MIA,Home
37,MIA,37,MIA,Home
38,MIA,38,MIA,Home
39,MIA,39,MIA,Home
40,MIA,40,MIA,Home
41,MIA,41,TBR,@
42,MIA,42,TBR,@
43,MIA,43,ATL,@
44,MIA,44,ATL,@
45,MIA,45,ATL,@
46,MIA,46,COL,@
47,MIA,47,COL,@
48,MIA,48,COL,@
49,MIA,49,MIA,Home
50,MIA,50,MIA,Home
51,MIA,51,MIA,Home
52,MIA,52,MIA,Home
53,MIA,53,MIA,Home
54,MIA,54,MIA,Home
55,MIA,55,MIA,Home
56,MIA,56,HOU,@
57,MIA,57,HOU,@
58,MIA,58,HOU,@
59,MIA,59,PHI,@
60,MIA,60,PHI,@
61,MIA,61,PHI,@
62,MIA,62,NYM,@
63,MIA,63,NYM,@
64,MIA,64,NYM,@
65,MIA,65,NYM,@
66,MIA,66,MIA,Home
67,MIA,67,MIA,Home
68,MIA,68,MIA,Home
69,MIA,69,MIA,Home
70,MIA,70,MIA,Home
71,MIA,71,MIA,Home
72,MIA,72,STL,@
73,MIA,73,STL,@
74,MIA,74,STL,@
75,MIA,75,WSN,@
76,MIA,76,WSN,@
77,MIA,77,WSN,@
78,MIA,78,WSN,@
79,MIA,79,MIA,Home
80,MIA,80,MIA,Home
81,MIA,81,NYM,@
82,MIA,82,NYM,@
83,MIA,83,NYM,@
84,MIA,84,NYM,@
85,MIA,85,MIA,Home
86,MIA,86,MIA,Home
87,MIA,87,MIA,Home
88,MIA,88,MIA,Home
89,MIA,89,MIA,Home
90,MIA,90,MIA,Home
91,MIA,91,MIA,Home
92,MIA,92,MIA,Home
93,MIA,93,PIT,@
94,MIA,94,PIT,@
95,MIA,95,PIT,@
96,MIA,96,CIN,@
97,MIA,97,CIN,@
98,MIA,98,CIN,@
99,MIA,99,CIN,@
100,MIA,100,MIA,Home
101,MIA,101,MIA,Home
102,MIA,102,MIA,Home
103,MIA,103,MIA,Home
104,MIA,104,MIA,Home
105,MIA,105,MIA,Home
106,MIA,106,CHC,@
107,MIA,107,CHC,@
108,MIA,108,CHC,@
109,MIA,109,PHI,@
110,MIA,110,PHI,@
111,MIA,111,PHI,@
112,MIA,112,MIA,Home
113,MIA,113,MIA,Home
114,MIA,114,MIA,Home
115,MIA,115,MIA,Home
116,MIA,116,MIA,Home
117,MIA,117,MIA,Home
118,MIA,118,MIA,Home
119,MIA,119,LAD,@
120,MIA,120,LAD,@
121,MIA,121,LAD,@
122,MIA,122,OAK,@
123,MIA,123,OAK,@
124,MIA,124,OAK,@
125,MIA,125,MIA,Home
126,MIA,126,MIA,Home
127,MIA,127,MIA,Home
128,MIA,128,MIA,Home
129,MIA,129,MIA,Home
130,MIA,130,MIA,Home
131,MIA,131,ATL,@
132,MIA,132,ATL,@
133,MIA,133,ATL,@
134,MIA,134,PHI,@
135,MIA,135,PHI,@
136,MIA,136,PHI,@
137,MIA,137,MIA,Home
138,MIA,138,MIA,Home
139,MIA,139,MIA,Home
140,MIA,140,MIA,Home
141,MIA,141,MIA,Home
142,MIA,142,MIA,Home
143,MIA,143,MIA,Home
144,MIA,144,MIA,Home
145,MIA,145,WSN,@
146,MIA,146,WSN,@
147,MIA,147,WSN,@
148,MIA,148,MIA,Home
149,MIA,149,MIA,Home
150,MIA,150,MIA,Home
151,MIA,151,MIA,Home
152,MIA,152,MIA,Home
153,MIA,153,MIA,Home
154,MIA,154,NYM,@
155,MIA,155,NYM,@
156,MIA,156,MIL,@
157,MIA,157,MIL,@
158,MIA,158,MIL,@
159,MIA,159,MIL,@
160,MIA,160,MIA,Home
161,MIA,161,MIA,Home
162,MIA,162,MIA,Home
1,MIL,1,CHC,@
2,MIL,2,CHC,@
3,MIL,3,CHC,@
4,MIL,4,BAL,@
5,MIL,5,BAL,@
6,MIL,6,BAL,@
7,MIL,7,MIL,Home
8,MIL,8,MIL,Home
9,MIL,9,MIL,Home
10,MIL,10,MIL,Home
11,MIL,11,MIL,Home
12,MIL,12,MIL,Home
13,MIL,13,MIL,Home
14,MIL,14,PHI,@
15,MIL,15,PHI,@
16,MIL,16,PHI,@
17,MIL,17,MIL,Home
18,MIL,18,PIT,@
19,MIL,19,PIT,@
20,MIL,20,PIT,@
21,MIL,21,MIL,Home
22,MIL,22,MIL,Home
23,MIL,23,MIL,Home
24,MIL,24,MIL,Home
25,MIL,25,MIL,Home
26,MIL,26,MIL,Home
27,MIL,27,ATL,@
28,MIL,28,ATL,@
29,MIL,29,ATL,@
30,MIL,30,CIN,@
31,MIL,31,CIN,@
32,MIL,32,CIN,@
33,MIL,33,MIA,@
34,MIL,34,MIA,@
35,MIL,35,MIA,@
36,MIL,36,MIL,Home
37,MIL,37,MIL,Home
38,MIL,38,MIL,Home
39,MIL,39,MIL,Home
40,MIL,40,MIL,Home
41,MIL,41,MIL,Home
42,MIL,42,SDP,@
43,MIL,43,SDP,@
44,MIL,44,SDP,@
45,MIL,45,STL,@
46,MIL,46,STL,@
47,MIL,47,STL,@
48,MIL,48,STL,@
49,MIL,49,CHC,@
50,MIL,50,CHC,@
51,MIL,51,CHC,@
52,MIL,52,CHC,@
53,MIL,53,MIL,Home
54,MIL,54,MIL,Home
55,MIL,55,MIL,Home
56,MIL,56,MIL,Home
57,MIL,57,MIL,Home
58,MIL,58,MIL,Home
59,MIL,59,MIL,Home
60,MIL,60,WSN,@
61,MIL,61,WSN,@
62,MIL,62,WSN,@
63,MIL,63,NYM,@
64,MIL,64,NYM,@
65,MIL,65,NYM,@
66,MIL,66,CIN,@
67,MIL,67,CIN,@
68,MIL,68,CIN,@
69,MIL,69,MIL,Home
70,MIL,70,MIL,Home
71,MIL,71,MIL,Home
72,MIL,72,MIL,Home
73,MIL,73,MIL,Home
74,MIL,74,MIL,Home
75,MIL,75,MIL,Home
76,MIL,76,TBR,@
77,MIL,77,TBR,@
78,MIL,78,PIT,@
79,MIL,79,PIT,@
80,MIL,80,PIT,@
81,MIL,81,PIT,@
82,MIL,82,MIL,Home
83,MIL,83,MIL,Home
84,MIL,84,MIL,Home
85,MIL,85,MIL,Home
86,MIL,86,MIL,Home
87,MIL,87,MIL,Home
88,MIL,88,MIN,@
89,MIL,89,MIN,@
90,MIL,90,SFG,@
91,MIL,91,SFG,@
92,MIL,92,SFG,@
93,MIL,93,SFG,@
94,MIL,94,MIL,Home
95,MIL,95,MIL,Home
96,MIL,96,MIL,Home
97,MIL,97,MIL,Home
98,MIL,98,MIL,Home
99,MIL,99,MIL,Home
100,MIL,100,BOS,@
101,MIL,101,BOS,@
102,MIL,102,BOS,@
103,MIL,103,PIT,@
104,MIL,104,PIT,@
105,MIL,105,PIT,@
106,MIL,106,MIL,Home
107,MIL,107,MIL,Home
108,MIL,108,MIL,Home
109,MIL,109,MIL,Home
110,MIL,110,MIL,Home
111,MIL,111,STL,@
112,MIL,112,STL,@
113,MIL,113,STL,@
114,MIL,114,MIL,Home
115,MIL,115,MIL,Home
116,MIL,116,MIL,Home
117,MIL,117,MIL,Home
118,MIL,118,CHC,@
119,MIL,119,CHC,@
120,MIL,120,CHC,@
121,MIL,121,LAD,@
122,MIL,122,LAD,@
123,MIL,123,LAD,@
124,MIL,124,MIL,Home
125,MIL,125,MIL,Home
126,MIL,126,MIL,Home
127,MIL,127,MIL,Home
128,MIL,128,MIL,Home
129,MIL,129,MIL,Home
130,MIL,130,ARI,@
131,MIL,131,ARI,@
132,MIL,132,ARI,@
133,MIL,133,ARI,@
134,MIL,134,COL,@
135,MIL,135,COL,@
136,MIL,136,COL,@
137,MIL,137,MIL,Home
138,MIL,138,MIL,Home
139,MIL,139,MIL,Home
140,MIL,140,MIL,Home
141,MIL,141,MIL,Home
142,MIL,142,STL,@
143,MIL,143,STL,@
144,MIL,144,MIL,Home
145,MIL,145,MIL,Home
146,MIL,146,MIL,Home
147,MIL,147,MIL,Home
148,MIL,148,MIL,Home
149,MIL,149,MIL,Home
150,MIL,150,CIN,@
151,MIL,151,CIN,@
152,MIL,152,CIN,@
153,MIL,153,CIN,@
154,MIL,154,MIL,Home
155,MIL,155,MIL,Home
156,MIL,156,MIL,Home
157,MIL,157,MIL,Home
158,MIL,158,MIL,Home
159,MIL,159,MIL,Home
160,MIL,160,MIL,Home
161,MIL,161,MIL,Home
162,MIL,162,MIL,Home
1,MIN,1,MIN,Home
2,MIN,2,MIN,Home
3,MIN,3,MIN,Home
4,MIN,4,MIN,Home
5,MIN,5,MIN,Home
6,MIN,6,MIN,Home
7,MIN,7,BOS,@
8,MIN,8,BOS,@
9,MIN,9,BOS,@
10,MIN,10,BOS,@
11,MIN,11,KCR,@
12,MIN,12,KCR,@
13,MIN,13,KCR,@
14,MIN,14,MIN,Home
15,MIN,15,MIN,Home
16,MIN,16,MIN,Home
17,MIN,17,MIN,Home
18,MIN,18,MIN,Home
19,MIN,19,MIN,Home
20,MIN,20,TBR,@
21,MIN,21,TBR,@
22,MIN,22,TBR,@
23,MIN,23,BAL,@
24,MIN,24,BAL,@
25,MIN,25,BAL,@
26,MIN,26,BAL,@
27,MIN,27,MIN,Home
28,MIN,28,MIN,Home
29,MIN,29,MIN,Home
30,MIN,30,MIN,Home
31,MIN,31,MIN,Home
32,MIN,32,MIN,Home
33,MIN,33,MIN,Home
34,MIN,34,MIN,Home
35,MIN,35,MIN,Home
36,MIN,36,OAK,@
37,MIN,37,OAK,@
38,MIN,38,OAK,@
39,MIN,39,KCR,@
40,MIN,40,KCR,@
41,MIN,41,KCR,@
42,MIN,42,MIN,Home
43,MIN,43,MIN,Home
44,MIN,44,MIN,Home
45,MIN,45,MIN,Home
46,MIN,46,MIN,Home
47,MIN,47,MIN,Home
48,MIN,48,MIN,Home
49,MIN,49,DET,@
50,MIN,50,DET,@
51,MIN,51,DET,@
52,MIN,52,DET,@
53,MIN,53,DET,@
54,MIN,54,TOR,@
55,MIN,55,TOR,@
56,MIN,56,TOR,@
57,MIN,57,MIN,Home
58,MIN,58,MIN,Home
59,MIN,59,MIN,Home
60,MIN,60,MIN,Home
61,MIN,61,MIN,Home
62,MIN,62,MIN,Home
63,MIN,63,SEA,@
64,MIN,64,SEA,@
65,MIN,65,SEA,@
66,MIN,66,ARI,@
67,MIN,67,ARI,@
68,MIN,68,ARI,@
69,MIN,69,MIN,Home
70,MIN,70,MIN,Home
71,MIN,71,MIN,Home
72,MIN,72,MIN,Home
73,MIN,73,MIN,Home
74,MIN,74,MIN,Home
75,MIN,75,CLE,@
76,MIN,76,CLE,@
77,MIN,77,CLE,@
78,MIN,78,CLE,@
79,MIN,79,CLE,@
80,MIN,80,MIN,Home
81,MIN,81,MIN,Home
82,MIN,82,MIN,Home
83,MIN,83,CHW,@
84,MIN,84,CHW,@
85,MIN,85,CHW,@
86,MIN,86,TEX,@
87,MIN,87,TEX,@
88,MIN,88,TEX,@
89,MIN,89,MIN,Home
90,MIN,90,MIN,Home
91,MIN,91,MIN,Home
92,MIN,92,MIN,Home
93,MIN,93,MIN,Home
94,MIN,94,MIN,Home
95,MIN,95,DET,@
96,MIN,96,DET,@
97,MIN,97,MIL,@
98,MIN,98,MIL,@
99,MIN,99,SDP,@
100,MIN,100,SDP,@
101,MIN,101,SDP,@
102,MIN,102,MIN,Home
103,MIN,103,MIN,Home
104,MIN,104,MIN,Home
105,MIN,105,MIN,Home
106,MIN,106,MIN,Home
107,MIN,107,MIN,Home
108,MIN,108,MIN,Home
109,MIN,109,LAD,@
110,MIN,110,LAD,@
111,MIN,111,LAA,@
112,MIN,112,LAA,@
113,MIN,113,LAA,@
114,MIN,114,MIN,Home
115,MIN,115,MIN,Home
116,MIN,116,MIN,Home
117,MIN,117,MIN,Home
118,MIN,118,MIN,Home
119,MIN,119,MIN,Home
120,MIN,120,MIN,Home
121,MIN,121,HOU,@
122,MIN,122,HOU,@
123,MIN,123,HOU,@
124,MIN,124,MIN,Home
125,MIN,125,MIN,Home
126,MIN,126,MIN,Home
127,MIN,127,MIN,Home
128,MIN,128,MIN,Home
129,MIN,129,MIN,Home
130,MIN,130,CHW,@
131,MIN,131,CHW,@
132,MIN,132,CHW,@
133,MIN,133,NYY,@
134,MIN,134,NYY,@
135,MIN,135,NYY,@
136,MIN,136,NYY,@
137,MIN,137,MIN,Home
138,MIN,138,MIN,Home
139,MIN,139,MIN,Home
140,MIN,140,MIN,Home
141,MIN,141,MIN,Home
142,MIN,142,MIN,Home
143,MIN,143,CLE,@
144,MIN,144,CLE,@
145,MIN,145,CLE,@
146,MIN,146,CLE,@
147,MIN,147,CLE,@
148,MIN,148,KCR,@
149,MIN,149,KCR,@
150,MIN,150,KCR,@
151,MIN,151,MIN,Home
152,MIN,152,MIN,Home
153,MIN,153,MIN,Home
154,MIN,154,MIN,Home
155,MIN,155,MIN,Home
156,MIN,156,MIN,Home
157,MIN,157,DET,@
158,MIN,158,DET,@
159,MIN,159,DET,@
160,MIN,160,CHW,@
161,MIN,161,CHW,@
162,MIN,162,CHW,@
1,NYY,1,NYA,Home
2,NYY,2,NYA,Home
3,NYY,3,NYA,Home
4,NYY,4,NYA,Home
5,NYY,5,NYA,Home
6,NYY,6,NYA,Home
7,NYY,7,NYA,Home
8,NYY,8,BAL,@
9,NYY,9,BAL,@
10,NYY,10,BAL,@
11,NYY,11,DET,@
12,NYY,12,DET,@
13,NYY,13,DET,@
14,NYY,14,NYA,Home
15,NYY,15,NYA,Home
16,NYY,16,NYA,Home
17,NYY,17,NYA,Home
18,NYY,18,NYA,Home
19,NYY,19,NYA,Home
20,NYY,20,KCR,@
21,NYY,21,KCR,@
22,NYY,22,KCR,@
23,NYY,23,TOR,@
24,NYY,24,TOR,@
25,NYY,25,TOR,@
26,NYY,26,NYA,Home
27,NYY,27,NYA,Home
28,NYY,28,NYA,Home
29,NYY,29,NYA,Home
30,NYY,30,NYA,Home
31,NYY,31,CHW,@
32,NYY,32,CHW,@
33,NYY,33,CHW,@
34,NYY,34,CHW,@
35,NYY,35,BAL,@
36,NYY,36,BAL,@
37,NYY,37,BAL,@
38,NYY,38,BAL,@
39,NYY,39,NYA,Home
40,NYY,40,NYA,Home
41,NYY,41,NYA,Home
42,NYY,42,NYA,Home
43,NYY,43,NYA,Home
44,NYY,44,NYA,Home
45,NYY,45,TBR,@
46,NYY,46,TBR,@
47,NYY,47,TBR,@
48,NYY,48,TBR,@
49,NYY,49,NYA,Home
50,NYY,50,NYA,Home
51,NYY,51,NYA,Home
52,NYY,52,NYA,Home
53,NYY,53,NYA,Home
54,NYY,54,NYA,Home
55,NYY,55,MIN,@
56,NYY,56,MIN,@
57,NYY,57,MIN,@
58,NYY,58,NYA,Home
59,NYY,59,NYA,Home
60,NYY,60,NYA,Home
61,NYY,61,NYA,Home
62,NYY,62,NYA,Home
63,NYY,63,NYA,Home
64,NYY,64,TOR,@
65,NYY,65,TOR,@
66,NYY,66,TOR,@
67,NYY,67,TBR,@
68,NYY,68,TBR,@
69,NYY,69,TBR,@
70,NYY,70,NYA,Home
71,NYY,71,NYA,Home
72,NYY,72,NYA,Home
73,NYY,73,NYA,Home
74,NYY,74,NYA,Home
75,NYY,75,NYA,Home
76,NYY,76,NYA,Home
77,NYY,77,HOU,@
78,NYY,78,CLE,@
79,NYY,79,CLE,@
80,NYY,80,CLE,@
81,NYY,81,PIT,@
82,NYY,82,PIT,@
83,NYY,83,BOS,@
84,NYY,84,BOS,@
85,NYY,85,BOS,@
86,NYY,86,BOS,@
87,NYY,87,NYA,Home
88,NYY,88,NYA,Home
89,NYY,89,NYA,Home
90,NYY,90,NYA,Home
91,NYY,91,NYA,Home
92,NYY,92,NYA,Home
93,NYY,93,HOU,@
94,NYY,94,HOU,@
95,NYY,95,BAL,@
96,NYY,96,BAL,@
97,NYY,97,BAL,@
98,NYY,98,NYM,@
99,NYY,99,NYM,@
100,NYY,100,NYA,Home
101,NYY,101,NYA,Home
102,NYY,102,NYA,Home
103,NYY,103,NYA,Home
104,NYY,104,NYA,Home
105,NYY,105,NYA,Home
106,NYY,106,NYA,Home
107,NYY,107,STL,@
108,NYY,108,STL,@
109,NYY,109,STL,@
110,NYY,110,SEA,@
111,NYY,111,SEA,@
112,NYY,112,SEA,@
113,NYY,113,BOS,@
114,NYY,114,BOS,@
115,NYY,115,BOS,@
116,NYY,116,NYA,Home
117,NYY,117,NYA,Home
118,NYY,118,NYA,Home
119,NYY,119,NYA,Home
120,NYY,120,NYA,Home
121,NYY,121,NYA,Home
122,NYY,122,NYA,Home
123,NYY,123,NYA,Home
124,NYY,124,NYA,Home
125,NYY,125,OAK,@
126,NYY,126,OAK,@
127,NYY,127,OAK,@
128,NYY,128,OAK,@
129,NYY,129,LAA,@
130,NYY,130,LAA,@
131,NYY,131,LAA,@
132,NYY,132,TBR,@
133,NYY,133,TBR,@
134,NYY,134,TBR,@
135,NYY,135,NYA,Home
136,NYY,136,NYA,Home
137,NYY,137,NYA,Home
138,NYY,138,NYA,Home
139,NYY,139,NYA,Home
140,NYY,140,NYA,Home
141,NYY,141,NYA,Home
142,NYY,142,BOS,@
143,NYY,143,BOS,@
144,NYY,144,MIL,@
145,NYY,145,MIL,@
146,NYY,146,MIL,@
147,NYY,147,NYA,Home
148,NYY,148,NYA,Home
149,NYY,149,NYA,Home
150,NYY,150,NYA,Home
151,NYY,151,NYA,Home
152,NYY,152,NYA,Home
153,NYY,153,TOR,@
154,NYY,154,TOR,@
155,NYY,155,TOR,@
156,NYY,156,NYA,Home
157,NYY,157,NYA,Home
158,NYY,158,NYA,Home
159,NYY,159,TEX,@
160,NYY,160,TEX,@
161,NYY,161,TEX,@
162,NYY,162,TEX,@
1,NYM,1,WSN,@
2,NYM,2,WSN,@
3,NYM,3,WSN,@
4,NYM,4,WSN,@
5,NYM,5,PHI,@
6,NYM,6,PHI,@
7,NYM,7,PHI,@
8,NYM,8,NYN,Home
9,NYM,9,NYN,Home
10,NYM,10,NYN,Home
11,NYM,11,NYN,Home
12,NYM,12,NYN,Home
13,NYM,13,NYN,Home
14,NYM,14,NYN,Home
15,NYM,15,ARI,@
16,NYM,16,ARI,@
17,NYM,17,ARI,@
18,NYM,18,STL,@
19,NYM,19,STL,@
20,NYM,20,STL,@
21,NYM,21,NYN,Home
22,NYM,22,NYN,Home
23,NYM,23,NYN,Home
24,NYM,24,NYN,Home
25,NYM,25,NYN,Home
26,NYM,26,NYN,Home
27,NYM,27,NYN,Home
28,NYM,28,PHI,@
29,NYM,29,PHI,@
30,NYM,30,PHI,@
31,NYM,31,WSN,@
32,NYM,32,WSN,@
33,NYM,33,WSN,@
34,NYM,34,NYN,Home
35,NYM,35,NYN,Home
36,NYM,36,NYN,Home
37,NYM,37,NYN,Home
38,NYM,38,NYN,Home
39,NYM,39,NYN,Home
40,NYM,40,NYN,Home
41,NYM,41,COL,@
42,NYM,42,COL,@
43,NYM,43,COL,@
44,NYM,44,SFG,@
45,NYM,45,SFG,@
46,NYM,46,SFG,@
47,NYM,47,NYN,Home
48,NYM,48,NYN,Home
49,NYM,49,NYN,Home
50,NYM,50,NYN,Home
51,NYM,51,NYN,Home
52,NYM,52,NYN,Home
53,NYM,53,LAD,@
54,NYM,54,LAD,@
55,NYM,55,LAD,@
56,NYM,56,LAD,@
57,NYM,57,SDP,@
58,NYM,58,SDP,@
59,NYM,59,SDP,@
60,NYM,60,LAA,@
61,NYM,61,LAA,@
62,NYM,62,LAA,@
63,NYM,63,NYN,Home
64,NYM,64,NYN,Home
65,NYM,65,NYN,Home
66,NYM,66,NYN,Home
67,NYM,67,NYN,Home
68,NYM,68,NYN,Home
69,NYM,69,NYN,Home
70,NYM,70,HOU,@
71,NYM,71,HOU,@
72,NYM,72,MIA,@
73,NYM,73,MIA,@
74,NYM,74,MIA,@
75,NYM,75,NYN,Home
76,NYM,76,NYN,Home
77,NYM,77,NYN,Home
78,NYM,78,NYN,Home
79,NYM,79,NYN,Home
80,NYM,80,CIN,@
81,NYM,81,CIN,@
82,NYM,82,CIN,@
83,NYM,83,NYN,Home
84,NYM,84,NYN,Home
85,NYM,85,NYN,Home
86,NYM,86,NYN,Home
87,NYM,87,ATL,@
88,NYM,88,ATL,@
89,NYM,89,ATL,@
90,NYM,90,CHC,@
91,NYM,91,CHC,@
92,NYM,92,CHC,@
93,NYM,93,CHC,@
94,NYM,94,NYN,Home
95,NYM,95,NYN,Home
96,NYM,96,NYN,Home
97,NYM,97,NYN,Home
98,NYM,98,NYN,Home
99,NYM,99,MIA,@
100,NYM,100,MIA,@
101,NYM,101,MIA,@
102,NYM,102,WSN,@
103,NYM,103,WSN,@
104,NYM,104,WSN,@
105,NYM,105,NYN,Home
106,NYM,106,NYN,Home
107,NYM,107,NYN,Home
108,NYM,108,NYN,Home
109,NYM,109,NYN,Home
110,NYM,110,NYN,Home
111,NYM,111,NYN,Home
112,NYM,112,NYN,Home
113,NYM,113,NYN,Home
114,NYM,114,NYN,Home
115,NYM,115,NYN,Home
116,NYM,116,ATL,@
117,NYM,117,ATL,@
118,NYM,118,ATL,@
119,NYM,119,ATL,@
120,NYM,120,PHI,@
121,NYM,121,PHI,@
122,NYM,122,PHI,@
123,NYM,123,PHI,@
124,NYM,124,NYY,@
125,NYM,125,NYY,@
126,NYM,126,NYN,Home
127,NYM,127,NYN,Home
128,NYM,128,NYN,Home
129,NYM,129,NYN,Home
130,NYM,130,NYN,Home
131,NYM,131,NYN,Home
132,NYM,132,NYN,Home
133,NYM,133,NYN,Home
134,NYM,134,NYN,Home
135,NYM,135,NYN,Home
136,NYM,136,PIT,@
137,NYM,137,PIT,@
138,NYM,138,PIT,@
139,NYM,139,MIA,@
140,NYM,140,MIA,@
141,NYM,141,MIA,@
142,NYM,142,NYN,Home
143,NYM,143,NYN,Home
144,NYM,144,NYN,Home
145,NYM,145,NYN,Home
146,NYM,146,NYN,Home
147,NYM,147,NYN,Home
148,NYM,148,NYN,Home
149,NYM,149,MIL,@
150,NYM,150,MIL,@
151,NYM,151,MIL,@
152,NYM,152,OAK,@
153,NYM,153,OAK,@
154,NYM,154,OAK,@
155,NYM,155,NYN,Home
156,NYM,156,NYN,Home
157,NYM,157,ATL,@
158,NYM,158,ATL,@
159,NYM,159,ATL,@
160,NYM,160,NYN,Home
161,NYM,161,NYN,Home
162,NYM,162,NYN,Home
1,OAK,1,PHI,@
2,OAK,2,PHI,@
3,OAK,3,PHI,@
4,OAK,4,TBR,@
5,OAK,5,TBR,@
6,OAK,6,TBR,@
7,OAK,7,TBR,@
8,OAK,8,TOR,@
9,OAK,9,TOR,@
10,OAK,10,TOR,@
11,OAK,11,OAK,Home
12,OAK,12,OAK,Home
13,OAK,13,OAK,Home
14,OAK,14,OAK,Home
15,OAK,15,OAK,Home
16,OAK,16,OAK,Home
17,OAK,17,OAK,Home
18,OAK,18,SFG,@
19,OAK,19,SFG,@
20,OAK,20,OAK,Home
21,OAK,21,OAK,Home
22,OAK,22,OAK,Home
23,OAK,23,OAK,Home
24,OAK,24,OAK,Home
25,OAK,25,OAK,Home
26,OAK,26,MIN,@
27,OAK,27,MIN,@
28,OAK,28,MIN,@
29,OAK,29,DET,@
30,OAK,30,DET,@
31,OAK,31,DET,@
32,OAK,32,DET,@
33,OAK,33,DET,@
34,OAK,34,OAK,Home
35,OAK,35,OAK,Home
36,OAK,36,OAK,Home
37,OAK,37,OAK,Home
38,OAK,38,OAK,Home
39,OAK,39,OAK,Home
40,OAK,40,OAK,Home
41,OAK,41,LAA,@
42,OAK,42,LAA,@
43,OAK,43,LAA,@
44,OAK,44,SEA,@
45,OAK,45,SEA,@
46,OAK,46,SEA,@
47,OAK,47,OAK,Home
48,OAK,48,OAK,Home
49,OAK,49,OAK,Home
50,OAK,50,OAK,Home
51,OAK,51,OAK,Home
52,OAK,52,OAK,Home
53,OAK,53,OAK,Home
54,OAK,54,OAK,Home
55,OAK,55,OAK,Home
56,OAK,56,OAK,Home
57,OAK,57,ATL,@
58,OAK,58,ATL,@
59,OAK,59,CLE,@
60,OAK,60,CLE,@
61,OAK,61,CLE,@
62,OAK,62,CLE,@
63,OAK,63,BOS,@
64,OAK,64,BOS,@
65,OAK,65,BOS,@
66,OAK,66,OAK,Home
67,OAK,67,OAK,Home
68,OAK,68,OAK,Home
69,OAK,69,OAK,Home
70,OAK,70,OAK,Home
71,OAK,71,OAK,Home
72,OAK,72,KCR,@
73,OAK,73,KCR,@
74,OAK,74,KCR,@
75,OAK,75,NYY,@
76,OAK,76,NYY,@
77,OAK,77,NYY,@
78,OAK,78,SEA,@
79,OAK,79,SEA,@
80,OAK,80,SEA,@
81,OAK,81,SEA,@
82,OAK,82,OAK,Home
83,OAK,83,OAK,Home
84,OAK,84,OAK,Home
85,OAK,85,OAK,Home
86,OAK,86,OAK,Home
87,OAK,87,OAK,Home
88,OAK,88,TEX,@
89,OAK,89,TEX,@
90,OAK,90,TEX,@
91,OAK,91,HOU,@
92,OAK,92,HOU,@
93,OAK,93,HOU,@
94,OAK,94,OAK,Home
95,OAK,95,OAK,Home
96,OAK,96,OAK,Home
97,OAK,97,OAK,Home
98,OAK,98,OAK,Home
99,OAK,99,OAK,Home
100,OAK,100,OAK,Home
101,OAK,101,OAK,Home
102,OAK,102,CHW,@
103,OAK,103,CHW,@
104,OAK,104,CHW,@
105,OAK,105,LAA,@
106,OAK,106,LAA,@
107,OAK,107,LAA,@
108,OAK,108,OAK,Home
109,OAK,109,OAK,Home
110,OAK,110,OAK,Home
111,OAK,111,OAK,Home
112,OAK,112,OAK,Home
113,OAK,113,HOU,@
114,OAK,114,HOU,@
115,OAK,115,HOU,@
116,OAK,116,TEX,@
117,OAK,117,TEX,@
118,OAK,118,TEX,@
119,OAK,119,TEX,@
120,OAK,120,OAK,Home
121,OAK,121,OAK,Home
122,OAK,122,OAK,Home
123,OAK,123,OAK,Home
124,OAK,124,OAK,Home
125,OAK,125,OAK,Home
126,OAK,126,OAK,Home
127,OAK,127,OAK,Home
128,OAK,128,OAK,Home
129,OAK,129,OAK,Home
130,OAK,130,WSN,@
131,OAK,131,WSN,@
132,OAK,132,WSN,@
133,OAK,133,BAL,@
134,OAK,134,BAL,@
135,OAK,135,BAL,@
136,OAK,136,OAK,Home
137,OAK,137,OAK,Home
138,OAK,138,OAK,Home
139,OAK,139,OAK,Home
140,OAK,140,OAK,Home
141,OAK,141,OAK,Home
142,OAK,142,TEX,@
143,OAK,143,TEX,@
144,OAK,144,HOU,@
145,OAK,145,HOU,@
146,OAK,146,HOU,@
147,OAK,147,HOU,@
148,OAK,148,OAK,Home
149,OAK,149,OAK,Home
150,OAK,150,OAK,Home
151,OAK,151,OAK,Home
152,OAK,152,OAK,Home
153,OAK,153,OAK,Home
154,OAK,154,LAA,@
155,OAK,155,LAA,@
156,OAK,156,LAA,@
157,OAK,157,SEA,@
158,OAK,158,SEA,@
159,OAK,159,SEA,@
160,OAK,160,OAK,Home
161,OAK,161,OAK,Home
162,OAK,162,OAK,Home
1,PHI,1,PHI,Home
2,PHI,2,PHI,Home
3,PHI,3,PHI,Home
4,PHI,4,PHI,Home
5,PHI,5,PHI,Home
6,PHI,6,PHI,Home
7,PHI,7,MIA,@
8,PHI,8,MIA,@
9,PHI,9,MIA,@
10,PHI,10,MIA,@
11,PHI,11,COL,@
12,PHI,12,COL,@
13,PHI,13,COL,@
14,PHI,14,PHI,Home
15,PHI,15,PHI,Home
16,PHI,16,PHI,Home
17,PHI,17,PHI,Home
18,PHI,18,PHI,Home
19,PHI,19,PHI,Home
20,PHI,20,PHI,Home
21,PHI,21,NYM,@
22,PHI,22,NYM,@
23,PHI,23,NYM,@
24,PHI,24,PHI,Home
25,PHI,25,PHI,Home
26,PHI,26,PHI,Home
27,PHI,27,PHI,Home
28,PHI,28,PHI,Home
29,PHI,29,SEA,@
30,PHI,30,SEA,@
31,PHI,31,SEA,@
32,PHI,32,LAD,@
33,PHI,33,LAD,@
34,PHI,34,LAD,@
35,PHI,35,LAD,@
36,PHI,36,PHI,Home
37,PHI,37,PHI,Home
38,PHI,38,PHI,Home
39,PHI,39,PHI,Home
40,PHI,40,PHI,Home
41,PHI,41,PHI,Home
42,PHI,42,ATL,@
43,PHI,43,ATL,@
44,PHI,44,ATL,@
45,PHI,45,ATL,@
46,PHI,46,NYM,@
47,PHI,47,NYM,@
48,PHI,48,NYM,@
49,PHI,49,PHI,Home
50,PHI,50,PHI,Home
51,PHI,51,PHI,Home
52,PHI,52,PHI,Home
53,PHI,53,PHI,Home
54,PHI,54,PHI,Home
55,PHI,55,MIL,@
56,PHI,56,MIL,@
57,PHI,57,MIL,@
58,PHI,58,PHI,Home
59,PHI,59,PHI,Home
60,PHI,60,PHI,Home
61,PHI,61,PHI,Home
62,PHI,62,PHI,Home
63,PHI,63,PHI,Home
64,PHI,64,WSN,@
65,PHI,65,WSN,@
66,PHI,66,WSN,@
67,PHI,67,WSN,@
68,PHI,68,WSN,@
69,PHI,69,TEX,@
70,PHI,70,TEX,@
71,PHI,71,SDP,@
72,PHI,72,SDP,@
73,PHI,73,SDP,@
74,PHI,74,SDP,@
75,PHI,75,PHI,Home
76,PHI,76,PHI,Home
77,PHI,77,PHI,Home
78,PHI,78,PHI,Home
79,PHI,79,PHI,Home
80,PHI,80,PHI,Home
81,PHI,81,PHI,Home
82,PHI,82,PHI,Home
83,PHI,83,PHI,Home
84,PHI,84,STL,@
85,PHI,85,STL,@
86,PHI,86,STL,@
87,PHI,87,STL,@
88,PHI,88,TOR,@
89,PHI,89,TOR,@
90,PHI,90,MIA,@
91,PHI,91,MIA,@
92,PHI,92,MIA,@
93,PHI,93,PHI,Home
94,PHI,94,PHI,Home
95,PHI,95,PHI,Home
96,PHI,96,PHI,Home
97,PHI,97,PHI,Home
98,PHI,98,PHI,Home
99,PHI,99,PIT,@
100,PHI,100,PIT,@
101,PHI,101,PIT,@
102,PHI,102,PIT,@
103,PHI,103,ATL,@
104,PHI,104,ATL,@
105,PHI,105,PHI,Home
106,PHI,106,PHI,Home
107,PHI,107,PHI,Home
108,PHI,108,PHI,Home
109,PHI,109,PHI,Home
110,PHI,110,PHI,Home
111,PHI,111,PHI,Home
112,PHI,112,NYM,@
113,PHI,113,NYM,@
114,PHI,114,NYM,@
115,PHI,115,CIN,@
116,PHI,116,CIN,@
117,PHI,117,CIN,@
118,PHI,118,PHI,Home
119,PHI,119,PHI,Home
120,PHI,120,PHI,Home
121,PHI,121,PHI,Home
122,PHI,122,PHI,Home
123,PHI,123,PHI,Home
124,PHI,124,PHI,Home
125,PHI,125,PHI,Home
126,PHI,126,PHI,Home
127,PHI,127,PHI,Home
128,PHI,128,PHI,Home
129,PHI,129,ARI,@
130,PHI,130,ARI,@
131,PHI,131,ARI,@
132,PHI,132,SFG,@
133,PHI,133,SFG,@
134,PHI,134,SFG,@
135,PHI,135,PHI,Home
136,PHI,136,PHI,Home
137,PHI,137,PHI,Home
138,PHI,138,PHI,Home
139,PHI,139,PHI,Home
140,PHI,140,PHI,Home
141,PHI,141,MIA,@
142,PHI,142,MIA,@
143,PHI,143,MIA,@
144,PHI,144,ATL,@
145,PHI,145,ATL,@
146,PHI,146,ATL,@
147,PHI,147,PHI,Home
148,PHI,148,PHI,Home
149,PHI,149,PHI,Home
150,PHI,150,PHI,Home
151,PHI,151,PHI,Home
152,PHI,152,PHI,Home
153,PHI,153,CHC,@
154,PHI,154,CHC,@
155,PHI,155,CHC,@
156,PHI,156,WSN,@
157,PHI,157,WSN,@
158,PHI,158,WSN,@
159,PHI,159,WSN,@
160,PHI,160,HOU,@
161,PHI,161,HOU,@
162,PHI,162,HOU,@
1,PIT,1,STL,@
2,PIT,2,STL,@
3,PIT,3,STL,@
4,PIT,4,PIT,Home
5,PIT,5,PIT,Home
6,PIT,6,PIT,Home
7,PIT,7,PIT,Home
8,PIT,8,PIT,Home
9,PIT,9,PIT,Home
10,PIT,10,MIL,@
11,PIT,11,MIL,@
12,PIT,12,MIL,@
13,PIT,13,CHC,@
14,PIT,14,CHC,@
15,PIT,15,CHC,@
16,PIT,16,CHC,@
17,PIT,17,PIT,Home
18,PIT,18,PIT,Home
19,PIT,19,PIT,Home
20,PIT,20,PIT,Home
21,PIT,21,PIT,Home
22,PIT,22,PIT,Home
23,PIT,23,DET,@
24,PIT,24,DET,@
25,PIT,25,CIN,@
26,PIT,26,CIN,@
27,PIT,27,CIN,@
28,PIT,28,PIT,Home
29,PIT,29,PIT,Home
30,PIT,30,PIT,Home
31,PIT,31,PIT,Home
32,PIT,32,PIT,Home
33,PIT,33,PIT,Home
34,PIT,34,PIT,Home
35,PIT,35,CHC,@
36,PIT,36,CHC,@
37,PIT,37,CHC,@
38,PIT,38,PIT,Home
39,PIT,39,PIT,Home
40,PIT,40,PIT,Home
41,PIT,41,PIT,Home
42,PIT,42,PIT,Home
43,PIT,43,PIT,Home
44,PIT,44,SDP,@
45,PIT,45,SDP,@
46,PIT,46,SDP,@
47,PIT,47,LAD,@
48,PIT,48,LAD,@
49,PIT,49,LAD,@
50,PIT,50,PIT,Home
51,PIT,51,PIT,Home
52,PIT,52,PIT,Home
53,PIT,53,PIT,Home
54,PIT,54,PIT,Home
55,PIT,55,ATL,@
56,PIT,56,ATL,@
57,PIT,57,ATL,@
58,PIT,58,ATL,@
59,PIT,59,STL,@
60,PIT,60,STL,@
61,PIT,61,STL,@
62,PIT,62,STL,@
63,PIT,63,PIT,Home
64,PIT,64,PIT,Home
65,PIT,65,PIT,Home
66,PIT,66,PIT,Home
67,PIT,67,PIT,Home
68,PIT,68,PIT,Home
69,PIT,69,PIT,Home
70,PIT,70,TBR,@
71,PIT,71,TBR,@
72,PIT,72,TBR,@
73,PIT,73,WSN,@
74,PIT,74,WSN,@
75,PIT,75,WSN,@
76,PIT,76,PIT,Home
77,PIT,77,PIT,Home
78,PIT,78,PIT,Home
79,PIT,79,PIT,Home
80,PIT,80,PIT,Home
81,PIT,81,PIT,Home
82,PIT,82,CIN,@
83,PIT,83,CIN,@
84,PIT,84,MIL,@
85,PIT,85,MIL,@
86,PIT,86,MIL,@
87,PIT,87,MIA,@
88,PIT,88,MIA,@
89,PIT,89,MIA,@
90,PIT,90,MIA,@
91,PIT,91,COL,@
92,PIT,92,COL,@
93,PIT,93,COL,@
94,PIT,94,PIT,Home
95,PIT,95,PIT,Home
96,PIT,96,PIT,Home
97,PIT,97,CHC,@
98,PIT,98,CHC,@
99,PIT,99,PIT,Home
100,PIT,100,PIT,Home
101,PIT,101,PIT,Home
102,PIT,102,PIT,Home
103,PIT,103,PIT,Home
104,PIT,104,PIT,Home
105,PIT,105,PIT,Home
106,PIT,106,BAL,@
107,PIT,107,BAL,@
108,PIT,108,BAL,@
109,PIT,109,ARI,@
110,PIT,110,ARI,@
111,PIT,111,ARI,@
112,PIT,112,ARI,@
113,PIT,113,SFG,@
114,PIT,114,SFG,@
115,PIT,115,SFG,@
116,PIT,116,PIT,Home
117,PIT,117,PIT,Home
118,PIT,118,PIT,Home
119,PIT,119,PIT,Home
120,PIT,120,PIT,Home
121,PIT,121,PIT,Home
122,PIT,122,PIT,Home
123,PIT,123,PIT,Home
124,PIT,124,PIT,Home
125,PIT,125,PHI,@
126,PIT,126,PHI,@
127,PIT,127,PHI,@
128,PIT,128,MIL,@
129,PIT,129,MIL,@
130,PIT,130,MIL,@
131,PIT,131,PIT,Home
132,PIT,132,PIT,Home
133,PIT,133,PIT,Home
134,PIT,134,PIT,Home
135,PIT,135,PIT,Home
136,PIT,136,PIT,Home
137,PIT,137,PIT,Home
138,PIT,138,PIT,Home
139,PIT,139,PIT,Home
140,PIT,140,CIN,@
141,PIT,141,CIN,@
142,PIT,142,CIN,@
143,PIT,143,CIN,@
144,PIT,144,NYM,@
145,PIT,145,NYM,@
146,PIT,146,NYM,@
147,PIT,147,NYM,@
148,PIT,148,NYY,@
149,PIT,149,NYY,@
150,PIT,150,PIT,Home
151,PIT,151,PIT,Home
152,PIT,152,PIT,Home
153,PIT,153,PIT,Home
154,PIT,154,PIT,Home
155,PIT,155,PIT,Home
156,PIT,156,PIT,Home
157,PIT,157,STL,@
158,PIT,158,STL,@
159,PIT,159,STL,@
160,PIT,160,PIT,Home
161,PIT,161,PIT,Home
162,PIT,162,PIT,Home
1,SDP,1,ARI,@
2,SDP,2,ARI,@
3,SDP,3,ARI,@
4,SDP,4,ARI,@
5,SDP,5,SFG,@
6,SDP,6,SFG,@
7,SDP,7,SFG,@
8,SDP,8,SDN,Home
9,SDP,9,SDN,Home
10,SDP,10,SDN,Home
11,SDP,11,SDN,Home
12,SDP,12,SDN,Home
13,SDP,13,SDN,Home
14,SDP,14,SDN,Home
15,SDP,15,SDN,Home
16,SDP,16,SDN,Home
17,SDP,17,SDN,Home
18,SDP,18,CIN,@
19,SDP,19,CIN,@
20,SDP,20,CIN,@
21,SDP,21,PIT,@
22,SDP,22,PIT,@
23,SDP,23,PIT,@
24,SDP,24,CLE,@
25,SDP,25,CLE,@
26,SDP,26,SDN,Home
27,SDP,27,SDN,Home
28,SDP,28,SDN,Home
29,SDP,29,SDN,Home
30,SDP,30,SDN,Home
31,SDP,31,SDN,Home
32,SDP,32,SDN,Home
33,SDP,33,ATL,@
34,SDP,34,ATL,@
35,SDP,35,ATL,@
36,SDP,36,PHI,@
37,SDP,37,PHI,@
38,SDP,38,PHI,@
39,SDP,39,SFG,@
40,SDP,40,SFG,@
41,SDP,41,SFG,@
42,SDP,42,SDN,Home
43,SDP,43,SDN,Home
44,SDP,44,SDN,Home
45,SDP,45,SDN,Home
46,SDP,46,SDN,Home
47,SDP,47,SDN,Home
48,SDP,48,STL,@
49,SDP,49,STL,@
50,SDP,50,STL,@
51,SDP,51,MIL,@
52,SDP,52,MIL,@
53,SDP,53,MIL,@
54,SDP,54,MIL,@
55,SDP,55,SDN,Home
56,SDP,56,SDN,Home
57,SDP,57,SDN,Home
58,SDP,58,SDN,Home
59,SDP,59,SDN,Home
60,SDP,60,SDN,Home
61,SDP,61,SDN,Home
62,SDP,62,CHC,@
63,SDP,63,CHC,@
64,SDP,64,CHC,@
65,SDP,65,CHC,@
66,SDP,66,COL,@
67,SDP,67,COL,@
68,SDP,68,COL,@
69,SDP,69,SDN,Home
70,SDP,70,SDN,Home
71,SDP,71,SDN,Home
72,SDP,72,SDN,Home
73,SDP,73,SDN,Home
74,SDP,74,SDN,Home
75,SDP,75,SDN,Home
76,SDP,76,ARI,@
77,SDP,77,ARI,@
78,SDP,78,LAD,@
79,SDP,79,LAD,@
80,SDP,80,LAD,@
81,SDP,81,LAD,@
82,SDP,82,SDN,Home
83,SDP,83,SDN,Home
84,SDP,84,SDN,Home
85,SDP,85,SDN,Home
86,SDP,86,SDN,Home
87,SDP,87,SDN,Home
88,SDP,88,COL,@
89,SDP,89,COL,@
90,SDP,90,COL,@
91,SDP,91,COL,@
92,SDP,92,SDN,Home
93,SDP,93,SDN,Home
94,SDP,94,SDN,Home
95,SDP,95,NYM,@
96,SDP,96,NYM,@
97,SDP,97,NYM,@
98,SDP,98,DET,@
99,SDP,99,DET,@
100,SDP,100,DET,@
101,SDP,101,SDN,Home
102,SDP,102,SDN,Home
103,SDP,103,SDN,Home
104,SDP,104,SDN,Home
105,SDP,105,SDN,Home
106,SDP,106,SDN,Home
107,SDP,107,SDN,Home
108,SDP,108,SDN,Home
109,SDP,109,LAD,@
110,SDP,110,LAD,@
111,SDP,111,LAD,@
112,SDP,112,SDN,Home
113,SDP,113,SDN,Home
114,SDP,114,SDN,Home
115,SDP,115,WSN,@
116,SDP,116,WSN,@
117,SDP,117,WSN,@
118,SDP,118,MIA,@
119,SDP,119,MIA,@
120,SDP,120,MIA,@
121,SDP,121,SDN,Home
122,SDP,122,SDN,Home
123,SDP,123,SDN,Home
124,SDP,124,SDN,Home
125,SDP,125,SDN,Home
126,SDP,126,SDN,Home
127,SDP,127,KCR,@
128,SDP,128,KCR,@
129,SDP,129,KCR,@
130,SDP,130,SFG,@
131,SDP,131,SFG,@
132,SDP,132,SFG,@
133,SDP,133,LAD,@
134,SDP,134,LAD,@
135,SDP,135,LAD,@
136,SDP,136,SDN,Home
137,SDP,137,SDN,Home
138,SDP,138,SDN,Home
139,SDP,139,SDN,Home
140,SDP,140,SDN,Home
141,SDP,141,SDN,Home
142,SDP,142,SEA,@
143,SDP,143,SEA,@
144,SDP,144,ARI,@
145,SDP,145,ARI,@
146,SDP,146,ARI,@
147,SDP,147,ARI,@
148,SDP,148,SDN,Home
149,SDP,149,SDN,Home
150,SDP,150,SDN,Home
151,SDP,151,COL,@
152,SDP,152,COL,@
153,SDP,153,COL,@
154,SDP,154,SDN,Home
155,SDP,155,SDN,Home
156,SDP,156,SDN,Home
157,SDP,157,SDN,Home
158,SDP,158,SDN,Home
159,SDP,159,SDN,Home
160,SDP,160,SDN,Home
161,SDP,161,SDN,Home
162,SDP,162,SDN,Home
1,SEA,1,MIN,@
2,SEA,2,MIN,@
3,SEA,3,MIN,@
4,SEA,4,MIN,@
5,SEA,5,CHW,@
6,SEA,6,CHW,@
7,SEA,7,CHW,@
8,SEA,8,SEA,Home
9,SEA,9,SEA,Home
10,SEA,10,SEA,Home
11,SEA,11,SEA,Home
12,SEA,12,SEA,Home
13,SEA,13,SEA,Home
14,SEA,14,SEA,Home
15,SEA,15,SEA,Home
16,SEA,16,SEA,Home
17,SEA,17,TBR,@
18,SEA,18,TBR,@
19,SEA,19,TBR,@
20,SEA,20,MIA,@
21,SEA,21,MIA,@
22,SEA,22,MIA,@
23,SEA,23,HOU,@
24,SEA,24,HOU,@
25,SEA,25,HOU,@
26,SEA,26,SEA,Home
27,SEA,27,SEA,Home
28,SEA,28,SEA,Home
29,SEA,29,SEA,Home
30,SEA,30,SEA,Home
31,SEA,31,SEA,Home
32,SEA,32,SEA,Home
33,SEA,33,NYM,@
34,SEA,34,NYM,@
35,SEA,35,NYM,@
36,SEA,36,TOR,@
37,SEA,37,TOR,@
38,SEA,38,TOR,@
39,SEA,39,BOS,@
40,SEA,40,BOS,@
41,SEA,41,BOS,@
42,SEA,42,BOS,@
43,SEA,43,SEA,Home
44,SEA,44,SEA,Home
45,SEA,45,SEA,Home
46,SEA,46,SEA,Home
47,SEA,47,SEA,Home
48,SEA,48,SEA,Home
49,SEA,49,BAL,@
50,SEA,50,BAL,@
51,SEA,51,BAL,@
52,SEA,52,TEX,@
53,SEA,53,TEX,@
54,SEA,54,TEX,@
55,SEA,55,HOU,@
56,SEA,56,HOU,@
57,SEA,57,HOU,@
58,SEA,58,SEA,Home
59,SEA,59,SEA,Home
60,SEA,60,SEA,Home
61,SEA,61,SEA,Home
62,SEA,62,SEA,Home
63,SEA,63,SEA,Home
64,SEA,64,SEA,Home
65,SEA,65,SEA,Home
66,SEA,66,SEA,Home
67,SEA,67,SEA,Home
68,SEA,68,SEA,Home
69,SEA,69,OAK,@
70,SEA,70,OAK,@
71,SEA,71,OAK,@
72,SEA,72,LAA,@
73,SEA,73,LAA,@
74,SEA,74,LAA,@
75,SEA,75,SEA,Home
76,SEA,76,SEA,Home
77,SEA,77,SEA,Home
78,SEA,78,SEA,Home
79,SEA,79,SEA,Home
80,SEA,80,SEA,Home
81,SEA,81,SEA,Home
82,SEA,82,SDP,@
83,SEA,83,SDP,@
84,SEA,84,SEA,Home
85,SEA,85,SEA,Home
86,SEA,86,SEA,Home
87,SEA,87,SEA,Home
88,SEA,88,WSN,@
89,SEA,89,WSN,@
90,SEA,90,TEX,@
91,SEA,91,TEX,@
92,SEA,92,TEX,@
93,SEA,93,TEX,@
94,SEA,94,SEA,Home
95,SEA,95,SEA,Home
96,SEA,96,SEA,Home
97,SEA,97,SEA,Home
98,SEA,98,SEA,Home
99,SEA,99,SEA,Home
100,SEA,100,HOU,@
101,SEA,101,HOU,@
102,SEA,102,HOU,@
103,SEA,103,HOU,@
104,SEA,104,NYY,@
105,SEA,105,NYY,@
106,SEA,106,NYY,@
107,SEA,107,SEA,Home
108,SEA,108,SEA,Home
109,SEA,109,SEA,Home
110,SEA,110,SEA,Home
111,SEA,111,SEA,Home
112,SEA,112,SEA,Home
113,SEA,113,SEA,Home
114,SEA,114,TEX,@
115,SEA,115,TEX,@
116,SEA,116,TEX,@
117,SEA,117,LAA,@
118,SEA,118,LAA,@
119,SEA,119,LAA,@
120,SEA,120,OAK,@
121,SEA,121,OAK,@
122,SEA,122,OAK,@
123,SEA,123,SEA,Home
124,SEA,124,SEA,Home
125,SEA,125,SEA,Home
126,SEA,126,SEA,Home
127,SEA,127,SEA,Home
128,SEA,128,SEA,Home
129,SEA,129,DET,@
130,SEA,130,DET,@
131,SEA,131,DET,@
132,SEA,132,CLE,@
133,SEA,133,CLE,@
134,SEA,134,CLE,@
135,SEA,135,SEA,Home
136,SEA,136,SEA,Home
137,SEA,137,SEA,Home
138,SEA,138,SEA,Home
139,SEA,139,SEA,Home
140,SEA,140,SEA,Home
141,SEA,141,SEA,Home
142,SEA,142,SEA,Home
143,SEA,143,LAA,@
144,SEA,144,LAA,@
145,SEA,145,LAA,@
146,SEA,146,LAA,@
147,SEA,147,OAK,@
148,SEA,148,OAK,@
149,SEA,149,OAK,@
150,SEA,150,KCR,@
151,SEA,151,KCR,@
152,SEA,152,KCR,@
153,SEA,153,SEA,Home
154,SEA,154,SEA,Home
155,SEA,155,SEA,Home
156,SEA,156,SEA,Home
157,SEA,157,SEA,Home
158,SEA,158,SEA,Home
159,SEA,159,SEA,Home
160,SEA,160,SEA,Home
161,SEA,161,SEA,Home
162,SEA,162,SEA,Home
1,SFG,1,SFN,Home
2,SFG,2,SFN,Home
3,SFG,3,SFN,Home
4,SFG,4,SFN,Home
5,SFG,5,SFN,Home
6,SFG,6,SFN,Home
7,SFG,7,CLE,@
8,SFG,8,CLE,@
9,SFG,9,CLE,@
10,SFG,10,NYM,@
11,SFG,11,NYM,@
12,SFG,12,NYM,@
13,SFG,13,NYM,@
14,SFG,14,WSN,@
15,SFG,15,WSN,@
16,SFG,16,WSN,@
17,SFG,17,MIL,@
18,SFG,18,SFN,Home
19,SFG,19,SFN,Home
20,SFG,20,SFN,Home
21,SFG,21,SFN,Home
22,SFG,22,SFN,Home
23,SFG,23,LAD,@
24,SFG,24,LAD,@
25,SFG,25,SFN,Home
26,SFG,26,SFN,Home
27,SFG,27,SFN,Home
28,SFG,28,SFN,Home
29,SFG,29,SFN,Home
30,SFG,30,SFN,Home
31,SFG,31,SFN,Home
32,SFG,32,STL,@
33,SFG,33,STL,@
34,SFG,34,STL,@
35,SFG,35,COL,@
36,SFG,36,COL,@
37,SFG,37,COL,@
38,SFG,38,SFN,Home
39,SFG,39,SFN,Home
40,SFG,40,SFN,Home
41,SFG,41,SFN,Home
42,SFG,42,SFN,Home
43,SFG,43,SFN,Home
44,SFG,44,CIN,@
45,SFG,45,CIN,@
46,SFG,46,CIN,@
47,SFG,47,PHI,@
48,SFG,48,PHI,@
49,SFG,49,PHI,@
50,SFG,50,MIA,@
51,SFG,51,MIA,@
52,SFG,52,MIA,@
53,SFG,53,MIA,@
54,SFG,54,SFN,Home
55,SFG,55,SFN,Home
56,SFG,56,SFN,Home
57,SFG,57,SFN,Home
58,SFG,58,SFN,Home
59,SFG,59,SFN,Home
60,SFG,60,SFN,Home
61,SFG,61,SFN,Home
62,SFG,62,SFN,Home
63,SFG,63,PIT,@
64,SFG,64,PIT,@
65,SFG,65,PIT,@
66,SFG,66,ATL,@
67,SFG,67,ATL,@
68,SFG,68,ATL,@
69,SFG,69,ATL,@
70,SFG,70,SFN,Home
71,SFG,71,SFN,Home
72,SFG,72,SFN,Home
73,SFG,73,SFN,Home
74,SFG,74,SFN,Home
75,SFG,75,SFN,Home
76,SFG,76,SFN,Home
77,SFG,77,SFN,Home
78,SFG,78,ARI,@
79,SFG,79,ARI,@
80,SFG,80,ARI,@
81,SFG,81,SDP,@
82,SFG,82,SDP,@
83,SFG,83,SDP,@
84,SFG,84,SDP,@
85,SFG,85,SFN,Home
86,SFG,86,SFN,Home
87,SFG,87,SFN,Home
88,SFG,88,SFN,Home
89,SFG,89,SFN,Home
90,SFG,90,SFN,Home
91,SFG,91,SFN,Home
92,SFG,92,LAD,@
93,SFG,93,LAD,@
94,SFG,94,LAD,@
95,SFG,95,LAD,@
96,SFG,96,ARI,@
97,SFG,97,ARI,@
98,SFG,98,ARI,@
99,SFG,99,SFN,Home
100,SFG,100,SFN,Home
101,SFG,101,SFN,Home
102,SFG,102,SFN,Home
103,SFG,103,SFN,Home
104,SFG,104,SFN,Home
105,SFG,105,SFN,Home
106,SFG,106,SFN,Home
107,SFG,107,OAK,@
108,SFG,108,OAK,@
109,SFG,109,SDP,@
110,SFG,110,SDP,@
111,SFG,111,SDP,@
112,SFG,112,SFN,Home
113,SFG,113,SFN,Home
114,SFG,114,SFN,Home
115,SFG,115,SFN,Home
116,SFG,116,SFN,Home
117,SFG,117,SFN,Home
118,SFG,118,SFN,Home
119,SFG,119,COL,@
120,SFG,120,COL,@
121,SFG,121,COL,@
122,SFG,122,DET,@
123,SFG,123,DET,@
124,SFG,124,MIN,@
125,SFG,125,MIN,@
126,SFG,126,MIN,@
127,SFG,127,SFN,Home
128,SFG,128,SFN,Home
129,SFG,129,SFN,Home
130,SFG,130,SFN,Home
131,SFG,131,SFN,Home
132,SFG,132,SFN,Home
133,SFG,133,LAD,@
134,SFG,134,LAD,@
135,SFG,135,LAD,@
136,SFG,136,MIL,@
137,SFG,137,MIL,@
138,SFG,138,CHC,@
139,SFG,139,CHC,@
140,SFG,140,CHC,@
141,SFG,141,SFN,Home
142,SFG,142,SFN,Home
143,SFG,143,SFN,Home
144,SFG,144,SFN,Home
145,SFG,145,SFN,Home
146,SFG,146,SFN,Home
147,SFG,147,COL,@
148,SFG,148,COL,@
149,SFG,149,COL,@
150,SFG,150,COL,@
151,SFG,151,ARI,@
152,SFG,152,ARI,@
153,SFG,153,ARI,@
154,SFG,154,SFN,Home
155,SFG,155,SFN,Home
156,SFG,156,SFN,Home
157,SFG,157,SFN,Home
158,SFG,158,SFN,Home
159,SFG,159,SFN,Home
160,SFG,160,SDP,@
161,SFG,161,SDP,@
162,SFG,162,SDP,@
1,STL,1,SLN,Home
2,STL,2,SLN,Home
3,STL,3,SLN,Home
4,STL,4,SLN,Home
5,STL,5,MIL,@
6,STL,6,MIL,@
7,STL,7,MIL,@
8,STL,8,MIL,@
9,STL,9,MIA,@
10,STL,10,MIA,@
11,STL,11,MIA,@
12,STL,12,CIN,@
13,STL,13,CIN,@
14,STL,14,CIN,@
15,STL,15,SLN,Home
16,STL,16,SLN,Home
17,STL,17,SLN,Home
18,STL,18,SLN,Home
19,STL,19,SLN,Home
20,STL,20,SLN,Home
21,STL,21,SLN,Home
22,STL,22,SLN,Home
23,STL,23,KCR,@
24,STL,24,KCR,@
25,STL,25,SFG,@
26,STL,26,SFG,@
27,STL,27,SFG,@
28,STL,28,SFG,@
29,STL,29,SLN,Home
30,STL,30,SLN,Home
31,STL,31,SLN,Home
32,STL,32,SLN,Home
33,STL,33,SLN,Home
34,STL,34,SLN,Home
35,STL,35,NYM,@
36,STL,36,NYM,@
37,STL,37,NYM,@
38,STL,38,NYM,@
39,STL,39,PIT,@
40,STL,40,PIT,@
41,STL,41,PIT,@
42,STL,42,SLN,Home
43,STL,43,SLN,Home
44,STL,44,SLN,Home
45,STL,45,SLN,Home
46,STL,46,SLN,Home
47,STL,47,SLN,Home
48,STL,48,SLN,Home
49,STL,49,SLN,Home
50,STL,50,SLN,Home
51,STL,51,CHC,@
52,STL,52,CHC,@
53,STL,53,CHC,@
54,STL,54,CHC,@
55,STL,55,CHC,@
56,STL,56,TBR,@
57,STL,57,TBR,@
58,STL,58,TBR,@
59,STL,59,SLN,Home
60,STL,60,SLN,Home
61,STL,61,SLN,Home
62,STL,62,SLN,Home
63,STL,63,SLN,Home
64,STL,64,SLN,Home
65,STL,65,SLN,Home
66,STL,66,BOS,@
67,STL,67,BOS,@
68,STL,68,BOS,@
69,STL,69,MIL,@
70,STL,70,MIL,@
71,STL,71,MIL,@
72,STL,72,MIL,@
73,STL,73,SLN,Home
74,STL,74,SLN,Home
75,STL,75,SLN,Home
76,STL,76,SLN,Home
77,STL,77,SLN,Home
78,STL,78,SLN,Home
79,STL,79,PHI,@
80,STL,80,PHI,@
81,STL,81,PHI,@
82,STL,82,ATL,@
83,STL,83,ATL,@
84,STL,84,ATL,@
85,STL,85,ATL,@
86,STL,86,SLN,Home
87,STL,87,SLN,Home
88,STL,88,SLN,Home
89,STL,89,SLN,Home
90,STL,90,SLN,Home
91,STL,91,SLN,Home
92,STL,92,SLN,Home
93,STL,93,SLN,Home
94,STL,94,SLN,Home
95,STL,95,CIN,@
96,STL,96,CIN,@
97,STL,97,CIN,@
98,STL,98,TOR,@
99,STL,99,TOR,@
100,STL,100,WSN,@
101,STL,101,WSN,@
102,STL,102,WSN,@
103,STL,103,SLN,Home
104,STL,104,SLN,Home
105,STL,105,SLN,Home
106,STL,106,SLN,Home
107,STL,107,SLN,Home
108,STL,108,SLN,Home
109,STL,109,COL,@
110,STL,110,COL,@
111,STL,111,COL,@
112,STL,112,SLN,Home
113,STL,113,SLN,Home
114,STL,114,SLN,Home
115,STL,115,SLN,Home
116,STL,116,SLN,Home
117,STL,117,SLN,Home
118,STL,118,ARI,@
119,STL,119,ARI,@
120,STL,120,ARI,@
121,STL,121,CHC,@
122,STL,122,CHC,@
123,STL,123,CHC,@
124,STL,124,CHC,@
125,STL,125,CHC,@
126,STL,126,SLN,Home
127,STL,127,SLN,Home
128,STL,128,SLN,Home
129,STL,129,CIN,@
130,STL,130,CIN,@
131,STL,131,CIN,@
132,STL,132,SLN,Home
133,STL,133,SLN,Home
134,STL,134,SLN,Home
135,STL,135,SLN,Home
136,STL,136,SLN,Home
137,STL,137,SLN,Home
138,STL,138,SLN,Home
139,STL,139,PIT,@
140,STL,140,PIT,@
141,STL,141,PIT,@
142,STL,142,SLN,Home
143,STL,143,SLN,Home
144,STL,144,SLN,Home
145,STL,145,SLN,Home
146,STL,146,SLN,Home
147,STL,147,SLN,Home
148,STL,148,SLN,Home
149,STL,149,SDP,@
150,STL,150,SDP,@
151,STL,151,SDP,@
152,STL,152,LAD,@
153,STL,153,LAD,@
154,STL,154,LAD,@
155,STL,155,MIL,@
156,STL,156,MIL,@
157,STL,157,SLN,Home
158,STL,158,SLN,Home
159,STL,159,SLN,Home
160,STL,160,PIT,@
161,STL,161,PIT,@
162,STL,162,PIT,@
1,TBR,1,TBA,Home
2,TBR,2,TBA,Home
3,TBR,3,TBA,Home
4,TBR,4,TBA,Home
5,TBR,5,TBA,Home
6,TBR,6,TBA,Home
7,TBR,7,TBA,Home
8,TBR,8,CHW,@
9,TBR,9,CHW,@
10,TBR,10,CHW,@
11,TBR,11,CHC,@
12,TBR,12,CHC,@
13,TBR,13,CHC,@
14,TBR,14,TBA,Home
15,TBR,15,TBA,Home
16,TBR,16,TBA,Home
17,TBR,17,TBA,Home
18,TBR,18,TBA,Home
19,TBR,19,TBA,Home
20,TBR,20,TBA,Home
21,TBR,21,TBA,Home
22,TBR,22,TBA,Home
23,TBR,23,OAK,@
24,TBR,24,OAK,@
25,TBR,25,OAK,@
26,TBR,26,SEA,@
27,TBR,27,SEA,@
28,TBR,28,SEA,@
29,TBR,29,SEA,@
30,TBR,30,LAA,@
31,TBR,31,LAA,@
32,TBR,32,LAA,@
33,TBR,33,TBA,Home
34,TBR,34,TBA,Home
35,TBR,35,TBA,Home
36,TBR,36,TBA,Home
37,TBR,37,TBA,Home
38,TBR,38,TBA,Home
39,TBR,39,BAL,@
40,TBR,40,BAL,@
41,TBR,41,BAL,@
42,TBR,42,TBA,Home
43,TBR,43,TBA,Home
44,TBR,44,TBA,Home
45,TBR,45,TBA,Home
46,TBR,46,TBA,Home
47,TBR,47,TBA,Home
48,TBR,48,TEX,@
49,TBR,49,TEX,@
50,TBR,50,TEX,@
51,TBR,51,TEX,@
52,TBR,52,TBA,Home
53,TBR,53,TBA,Home
54,TBR,54,TBA,Home
55,TBR,55,TBA,Home
56,TBR,56,TBA,Home
57,TBR,57,TBA,Home
58,TBR,58,MIN,@
59,TBR,59,MIN,@
60,TBR,60,MIN,@
61,TBR,61,NYY,@
62,TBR,62,NYY,@
63,TBR,63,NYY,@
64,TBR,64,BAL,@
65,TBR,65,BAL,@
66,TBR,66,BAL,@
67,TBR,67,TBA,Home
68,TBR,68,TBA,Home
69,TBR,69,TBA,Home
70,TBR,70,TBA,Home
71,TBR,71,TBA,Home
72,TBR,72,TBA,Home
73,TBR,73,TBA,Home
74,TBR,74,TBA,Home
75,TBR,75,TOR,@
76,TBR,76,TOR,@
77,TBR,77,TOR,@
78,TBR,78,TOR,@
79,TBR,79,TOR,@
80,TBR,80,BOS,@
81,TBR,81,BOS,@
82,TBR,82,BOS,@
83,TBR,83,CIN,@
84,TBR,84,CIN,@
85,TBR,85,CIN,@
86,TBR,86,TBA,Home
87,TBR,87,TBA,Home
88,TBR,88,TBA,Home
89,TBR,89,TBA,Home
90,TBR,90,TBA,Home
91,TBR,91,TBA,Home
92,TBR,92,TBA,Home
93,TBR,93,KCR,@
94,TBR,94,KCR,@
95,TBR,95,KCR,@
96,TBR,96,BAL,@
97,TBR,97,BAL,@
98,TBR,98,BAL,@
99,TBR,99,BAL,@
100,TBR,100,TBA,Home
101,TBR,101,TBA,Home
102,TBR,102,TBA,Home
103,TBR,103,TBA,Home
104,TBR,104,TBA,Home
105,TBR,105,DET,@
106,TBR,106,DET,@
107,TBR,107,DET,@
108,TBR,108,DET,@
109,TBR,109,MIL,@
110,TBR,110,MIL,@
111,TBR,111,TBA,Home
112,TBR,112,TBA,Home
113,TBR,113,TBA,Home
114,TBR,114,NYY,@
115,TBR,115,NYY,@
116,TBR,116,NYY,@
117,TBR,117,TBA,Home
118,TBR,118,TBA,Home
119,TBR,119,TBA,Home
120,TBR,120,TBA,Home
121,TBR,121,TBA,Home
122,TBR,122,TBA,Home
123,TBR,123,TBA,Home
124,TBR,124,TBA,Home
125,TBR,125,BOS,@
126,TBR,126,BOS,@
127,TBR,127,BOS,@
128,TBR,128,MIA,@
129,TBR,129,MIA,@
130,TBR,130,TBA,Home
131,TBR,131,TBA,Home
132,TBR,132,TBA,Home
133,TBR,133,TBA,Home
134,TBR,134,TBA,Home
135,TBR,135,TBA,Home
136,TBR,136,NYY,@
137,TBR,137,NYY,@
138,TBR,138,NYY,@
139,TBR,139,TOR,@
140,TBR,140,TOR,@
141,TBR,141,TOR,@
142,TBR,142,TOR,@
143,TBR,143,TOR,@
144,TBR,144,TBA,Home
145,TBR,145,TBA,Home
146,TBR,146,TBA,Home
147,TBR,147,TBA,Home
148,TBR,148,TBA,Home
149,TBR,149,TBA,Home
150,TBR,150,TBA,Home
151,TBR,151,TBA,Home
152,TBR,152,TBA,Home
153,TBR,153,TBA,Home
154,TBR,154,CLE,@
155,TBR,155,CLE,@
156,TBR,156,CLE,@
157,TBR,157,HOU,@
158,TBR,158,HOU,@
159,TBR,159,HOU,@
160,TBR,160,BOS,@
161,TBR,161,BOS,@
162,TBR,162,BOS,@
1,TEX,1,TOR,@
2,TEX,2,TOR,@
3,TEX,3,TOR,@
4,TEX,4,TEX,Home
5,TEX,5,TEX,Home
6,TEX,6,TEX,Home
7,TEX,7,TEX,Home
8,TEX,8,TEX,Home
9,TEX,9,TEX,Home
10,TEX,10,SEA,@
11,TEX,11,SEA,@
12,TEX,12,SEA,@
13,TEX,13,OAK,@
14,TEX,14,OAK,@
15,TEX,15,OAK,@
16,TEX,16,TEX,Home
17,TEX,17,TEX,Home
18,TEX,18,TEX,Home
19,TEX,19,TEX,Home
20,TEX,20,TEX,Home
21,TEX,21,TEX,Home
22,TEX,22,TEX,Home
23,TEX,23,PHI,@
24,TEX,24,PHI,@
25,TEX,25,NYY,@
26,TEX,26,NYY,@
27,TEX,27,NYY,@
28,TEX,28,TEX,Home
29,TEX,29,TEX,Home
30,TEX,30,TEX,Home
31,TEX,31,TEX,Home
32,TEX,32,TEX,Home
33,TEX,33,TEX,Home
34,TEX,34,TEX,Home
35,TEX,35,TEX,Home
36,TEX,36,TEX,Home
37,TEX,37,HOU,@
38,TEX,38,HOU,@
39,TEX,39,HOU,@
40,TEX,40,HOU,@
41,TEX,41,LAA,@
42,TEX,42,LAA,@
43,TEX,43,OAK,@
44,TEX,44,OAK,@
45,TEX,45,OAK,@
46,TEX,46,OAK,@
47,TEX,47,TEX,Home
48,TEX,48,TEX,Home
49,TEX,49,TEX,Home
50,TEX,50,TEX,Home
51,TEX,51,TEX,Home
52,TEX,52,TEX,Home
53,TEX,53,TEX,Home
54,TEX,54,CLE,@
55,TEX,55,CLE,@
56,TEX,56,CLE,@
57,TEX,57,CHW,@
58,TEX,58,CHW,@
59,TEX,59,CHW,@
60,TEX,60,TEX,Home
61,TEX,61,TEX,Home
62,TEX,62,TEX,Home
63,TEX,63,DET,@
64,TEX,64,DET,@
65,TEX,65,DET,@
66,TEX,66,DET,@
67,TEX,67,TEX,Home
68,TEX,68,TEX,Home
69,TEX,69,TEX,Home
70,TEX,70,TEX,Home
71,TEX,71,TEX,Home
72,TEX,72,KCR,@
73,TEX,73,KCR,@
74,TEX,74,KCR,@
75,TEX,75,NYM,@
76,TEX,76,NYM,@
77,TEX,77,NYM,@
78,TEX,78,BAL,@
79,TEX,79,BAL,@
80,TEX,80,BAL,@
81,TEX,81,TEX,Home
82,TEX,82,TEX,Home
83,TEX,83,TEX,Home
84,TEX,84,TEX,Home
85,TEX,85,TEX,Home
86,TEX,86,TEX,Home
87,TEX,87,TEX,Home
88,TEX,88,TEX,Home
89,TEX,89,TEX,Home
90,TEX,90,TEX,Home
91,TEX,91,MIA,@
92,TEX,92,OAK,@
93,TEX,93,OAK,@
94,TEX,94,OAK,@
95,TEX,95,SEA,@
96,TEX,96,SEA,@
97,TEX,97,SEA,@
98,TEX,98,LAA,@
99,TEX,99,LAA,@
100,TEX,100,LAA,@
101,TEX,101,LAA,@
102,TEX,102,TEX,Home
103,TEX,103,TEX,Home
104,TEX,104,TEX,Home
105,TEX,105,TEX,Home
106,TEX,106,TEX,Home
107,TEX,107,TEX,Home
108,TEX,108,TEX,Home
109,TEX,109,HOU,@
110,TEX,110,HOU,@
111,TEX,111,HOU,@
112,TEX,112,TEX,Home
113,TEX,113,TEX,Home
114,TEX,114,TEX,Home
115,TEX,115,TEX,Home
116,TEX,116,TEX,Home
117,TEX,117,TEX,Home
118,TEX,118,TEX,Home
119,TEX,119,MIN,@
120,TEX,120,MIN,@
121,TEX,121,MIN,@
122,TEX,122,MIN,@
123,TEX,123,COL,@
124,TEX,124,COL,@
125,TEX,125,TEX,Home
126,TEX,126,TEX,Home
127,TEX,127,TEX,Home
128,TEX,128,TEX,Home
129,TEX,129,TEX,Home
130,TEX,130,BOS,@
131,TEX,131,BOS,@
132,TEX,132,BOS,@
133,TEX,133,BOS,@
134,TEX,134,HOU,@
135,TEX,135,HOU,@
136,TEX,136,HOU,@
137,TEX,137,TEX,Home
138,TEX,138,TEX,Home
139,TEX,139,TEX,Home
140,TEX,140,MIA,@
141,TEX,141,MIA,@
142,TEX,142,TEX,Home
143,TEX,143,TEX,Home
144,TEX,144,TBR,@
145,TEX,145,TBR,@
146,TEX,146,TBR,@
147,TEX,147,TEX,Home
148,TEX,148,TEX,Home
149,TEX,149,TEX,Home
150,TEX,150,TEX,Home
151,TEX,151,TEX,Home
152,TEX,152,TEX,Home
153,TEX,153,SEA,@
154,TEX,154,SEA,@
155,TEX,155,SEA,@
156,TEX,156,LAA,@
157,TEX,157,LAA,@
158,TEX,158,LAA,@
159,TEX,159,TEX,Home
160,TEX,160,TEX,Home
161,TEX,161,TEX,Home
162,TEX,162,TEX,Home
1,TOR,1,TOR,Home
2,TOR,2,TOR,Home
3,TOR,3,TOR,Home
4,TOR,4,NYY,@
5,TOR,5,NYY,@
6,TOR,6,NYY,@
7,TOR,7,NYY,@
8,TOR,8,TOR,Home
9,TOR,9,TOR,Home
10,TOR,10,TOR,Home
11,TOR,11,BOS,@
12,TOR,12,BOS,@
13,TOR,13,BOS,@
14,TOR,14,HOU,@
15,TOR,15,HOU,@
16,TOR,16,HOU,@
17,TOR,17,TOR,Home
18,TOR,18,TOR,Home
19,TOR,19,TOR,Home
20,TOR,20,TOR,Home
21,TOR,21,TOR,Home
22,TOR,22,TOR,Home
23,TOR,23,TOR,Home
24,TOR,24,TOR,Home
25,TOR,25,TOR,Home
26,TOR,26,TOR,Home
27,TOR,27,CLE,@
28,TOR,28,CLE,@
29,TOR,29,CLE,@
30,TOR,30,CLE,@
31,TOR,31,NYY,@
32,TOR,32,NYY,@
33,TOR,33,TBR,@
34,TOR,34,TBR,@
35,TOR,35,TBR,@
36,TOR,36,TOR,Home
37,TOR,37,TOR,Home
38,TOR,38,TOR,Home
39,TOR,39,TOR,Home
40,TOR,40,TOR,Home
41,TOR,41,TOR,Home
42,TOR,42,STL,@
43,TOR,43,STL,@
44,TOR,44,LAA,@
45,TOR,45,LAA,@
46,TOR,46,LAA,@
47,TOR,47,LAA,@
48,TOR,48,TOR,Home
49,TOR,49,TOR,Home
50,TOR,50,TOR,Home
51,TOR,51,TOR,Home
52,TOR,52,TOR,Home
53,TOR,53,TOR,Home
54,TOR,54,KCR,@
55,TOR,55,KCR,@
56,TOR,56,KCR,@
57,TOR,57,DET,@
58,TOR,58,DET,@
59,TOR,59,DET,@
60,TOR,60,TOR,Home
61,TOR,61,TOR,Home
62,TOR,62,TOR,Home
63,TOR,63,TOR,Home
64,TOR,64,TOR,Home
65,TOR,65,TOR,Home
66,TOR,66,TOR,Home
67,TOR,67,CHW,@
68,TOR,68,CHW,@
69,TOR,69,CHW,@
70,TOR,70,MIL,@
71,TOR,71,MIL,@
72,TOR,72,MIL,@
73,TOR,73,TOR,Home
74,TOR,74,TOR,Home
75,TOR,75,TOR,Home
76,TOR,76,TOR,Home
77,TOR,77,TOR,Home
78,TOR,78,TOR,Home
79,TOR,79,TOR,Home
80,TOR,80,TOR,Home
81,TOR,81,OAK,@
82,TOR,82,OAK,@
83,TOR,83,OAK,@
84,TOR,84,SEA,@
85,TOR,85,SEA,@
86,TOR,86,SEA,@
87,TOR,87,SEA,@
88,TOR,88,TOR,Home
89,TOR,89,TOR,Home
90,TOR,90,TOR,Home
91,TOR,91,TOR,Home
92,TOR,92,TOR,Home
93,TOR,93,TOR,Home
94,TOR,94,BOS,@
95,TOR,95,BOS,@
96,TOR,96,BOS,@
97,TOR,97,TOR,Home
98,TOR,98,TOR,Home
99,TOR,99,TOR,Home
100,TOR,100,TOR,Home
101,TOR,101,TOR,Home
102,TOR,102,TOR,Home
103,TOR,103,TBR,@
104,TOR,104,TBR,@
105,TOR,105,MIN,@
106,TOR,106,MIN,@
107,TOR,107,MIN,@
108,TOR,108,MIN,@
109,TOR,109,BAL,@
110,TOR,110,BAL,@
111,TOR,111,TOR,Home
112,TOR,112,TOR,Home
113,TOR,113,TOR,Home
114,TOR,114,TOR,Home
115,TOR,115,TOR,Home
116,TOR,116,TOR,Home
117,TOR,117,NYY,@
118,TOR,118,NYY,@
119,TOR,119,NYY,@
120,TOR,120,NYY,@
121,TOR,121,BOS,@
122,TOR,122,BOS,@
123,TOR,123,BOS,@
124,TOR,124,TOR,Home
125,TOR,125,TOR,Home
126,TOR,126,TOR,Home
127,TOR,127,TOR,Home
128,TOR,128,TOR,Home
129,TOR,129,TOR,Home
130,TOR,130,PIT,@
131,TOR,131,PIT,@
132,TOR,132,PIT,@
133,TOR,133,BAL,@
134,TOR,134,BAL,@
135,TOR,135,BAL,@
136,TOR,136,BAL,@
137,TOR,137,TEX,@
138,TOR,138,TEX,@
139,TOR,139,TEX,@
140,TOR,140,TOR,Home
141,TOR,141,TOR,Home
142,TOR,142,TOR,Home
143,TOR,143,TOR,Home
144,TOR,144,TOR,Home
145,TOR,145,TOR,Home
146,TOR,146,TOR,Home
147,TOR,147,TOR,Home
148,TOR,148,PHI,@
149,TOR,149,PHI,@
150,TOR,150,TBR,@
151,TOR,151,TBR,@
152,TOR,152,TBR,@
153,TOR,153,TBR,@
154,TOR,154,TOR,Home
155,TOR,155,TOR,Home
156,TOR,156,TOR,Home
157,TOR,157,TOR,Home
158,TOR,158,TOR,Home
159,TOR,159,TOR,Home
160,TOR,160,BAL,@
161,TOR,161,BAL,@
162,TOR,162,BAL,@
1,WSN,1,WSN,Home
2,WSN,2,WSN,Home
3,WSN,3,WSN,Home
4,WSN,4,WSN,Home
5,WSN,5,ATL,@
6,WSN,6,ATL,@
7,WSN,7,ATL,@
8,WSN,8,PIT,@
9,WSN,9,PIT,@
10,WSN,10,PIT,@
11,WSN,11,PIT,@
12,WSN,12,WSN,Home
13,WSN,13,WSN,Home
14,WSN,14,WSN,Home
15,WSN,15,WSN,Home
16,WSN,16,WSN,Home
17,WSN,17,WSN,Home
18,WSN,18,WSN,Home
19,WSN,19,WSN,Home
20,WSN,20,WSN,Home
21,WSN,21,WSN,Home
22,WSN,22,SFG,@
23,WSN,23,SFG,@
24,WSN,24,SFG,@
25,WSN,25,COL,@
26,WSN,26,COL,@
27,WSN,27,COL,@
28,WSN,28,LAA,@
29,WSN,29,LAA,@
30,WSN,30,LAA,@
31,WSN,31,WSN,Home
32,WSN,32,WSN,Home
33,WSN,33,WSN,Home
34,WSN,34,WSN,Home
35,WSN,35,WSN,Home
36,WSN,36,WSN,Home
37,WSN,37,MIA,@
38,WSN,38,MIA,@
39,WSN,39,MIA,@
40,WSN,40,MIL,@
41,WSN,41,MIL,@
42,WSN,42,MIL,@
43,WSN,43,WSN,Home
44,WSN,44,WSN,Home
45,WSN,45,WSN,Home
46,WSN,46,WSN,Home
47,WSN,47,WSN,Home
48,WSN,48,WSN,Home
49,WSN,49,WSN,Home
50,WSN,50,NYM,@
51,WSN,51,NYM,@
52,WSN,52,NYM,@
53,WSN,53,CIN,@
54,WSN,54,CIN,@
55,WSN,55,CIN,@
56,WSN,56,CIN,@
57,WSN,57,MIA,@
58,WSN,58,MIA,@
59,WSN,59,MIA,@
60,WSN,60,WSN,Home
61,WSN,61,WSN,Home
62,WSN,62,WSN,Home
63,WSN,63,WSN,Home
64,WSN,64,WSN,Home
65,WSN,65,WSN,Home
66,WSN,66,WSN,Home
67,WSN,67,WSN,Home
68,WSN,68,WSN,Home
69,WSN,69,WSN,Home
70,WSN,70,WSN,Home
71,WSN,71,BAL,@
72,WSN,72,BAL,@
73,WSN,73,TEX,@
74,WSN,74,TEX,@
75,WSN,75,TEX,@
76,WSN,76,WSN,Home
77,WSN,77,WSN,Home
78,WSN,78,WSN,Home
79,WSN,79,WSN,Home
80,WSN,80,WSN,Home
81,WSN,81,WSN,Home
82,WSN,82,WSN,Home
83,WSN,83,PHI,@
84,WSN,84,PHI,@
85,WSN,85,PHI,@
86,WSN,86,ATL,@
87,WSN,87,ATL,@
88,WSN,88,ATL,@
89,WSN,89,WSN,Home
90,WSN,90,WSN,Home
91,WSN,91,WSN,Home
92,WSN,92,WSN,Home
93,WSN,93,WSN,Home
94,WSN,94,WSN,Home
95,WSN,95,ARI,@
96,WSN,96,ARI,@
97,WSN,97,ARI,@
98,WSN,98,LAD,@
99,WSN,99,LAD,@
100,WSN,100,LAD,@
101,WSN,101,WSN,Home
102,WSN,102,WSN,Home
103,WSN,103,WSN,Home
104,WSN,104,WSN,Home
105,WSN,105,WSN,Home
106,WSN,106,WSN,Home
107,WSN,107,PHI,@
108,WSN,108,PHI,@
109,WSN,109,PHI,@
110,WSN,110,PHI,@
111,WSN,111,CHC,@
112,WSN,112,CHC,@
113,WSN,113,CHC,@
114,WSN,114,WSN,Home
115,WSN,115,WSN,Home
116,WSN,116,WSN,Home
117,WSN,117,WSN,Home
118,WSN,118,WSN,Home
119,WSN,119,WSN,Home
120,WSN,120,SDP,@
121,WSN,121,SDP,@
122,WSN,122,SDP,@
123,WSN,123,SDP,@
124,WSN,124,SEA,@
125,WSN,125,SEA,@
126,WSN,126,WSN,Home
127,WSN,127,WSN,Home
128,WSN,128,WSN,Home
129,WSN,129,WSN,Home
130,WSN,130,WSN,Home
131,WSN,131,WSN,Home
132,WSN,132,NYM,@
133,WSN,133,NYM,@
134,WSN,134,NYM,@
135,WSN,135,STL,@
136,WSN,136,STL,@
137,WSN,137,STL,@
138,WSN,138,STL,@
139,WSN,139,PHI,@
140,WSN,140,PHI,@
141,WSN,141,PHI,@
142,WSN,142,WSN,Home
143,WSN,143,WSN,Home
144,WSN,144,WSN,Home
145,WSN,145,WSN,Home
146,WSN,146,WSN,Home
147,WSN,147,ATL,@
148,WSN,148,ATL,@
149,WSN,149,ATL,@
150,WSN,150,MIA,@
151,WSN,151,MIA,@
152,WSN,152,MIA,@
153,WSN,153,WSN,Home
154,WSN,154,WSN,Home
155,WSN,155,WSN,Home
156,WSN,156,WSN,Home
157,WSN,157,WSN,Home
158,WSN,158,WSN,Home
159,WSN,159,WSN,Home
160,WSN,160,NYM,@
161,WSN,161,NYM,@
162,WSN,162,NYM,@
